"GOBPID","Pvalue","OddsRatio","ExpCount","Count","Size","Term","FDR"
"GO:0002376",1.31658172533592e-15,1.95610463032334,131.548634590377,220,1863,"immune system process",7.41235511364125e-13
"GO:0006955",6.38712186906379e-14,2.06841674081681,89.1113133940182,160,1262,"immune response",1.79797480614146e-11
"GO:0043207",3.73076857977506e-12,2.10799102198438,69.1989596879064,128,980,"response to external biotic stimulus",5.2510567760334e-10
"GO:0051707",3.73076857977506e-12,2.10799102198438,69.1989596879064,128,980,"response to other organism",5.2510567760334e-10
"GO:0050896",1.26313536770484e-11,1.52625430938684,462.079583875163,568,6544,"response to stimulus",1.42229042403565e-09
"GO:0009607",1.75663372211628e-11,2.05156623973476,70.7524057217165,128,1002,"response to biotic stimulus",1.64830797591911e-09
"GO:0044419",5.51246658681998e-11,1.95834559905799,79.5788036410923,138,1127,"biological process involved in interspecies interaction between organisms",4.43359812625664e-09
"GO:0006952",9.49095489551014e-11,1.95423912193341,77.8841352405722,135,1103,"defense response",6.67925950771526e-09
"GO:0009605",1.89068893020509e-10,1.72507444842655,130.913133940182,200,1854,"response to external stimulus",1.18273096411718e-08
"GO:0098542",6.75831551416118e-10,2.10545709609539,52.8877763328999,99,749,"defense response to other organism",3.80493163447275e-08
"GO:0019882",1.32093176203548e-09,4.3380376344086,8.6851755526658,30,123,"antigen processing and presentation",6.76076892750887e-08
"GO:0002757",1.45963433876622e-08,2.49057399716892,25.9849154746424,57,368,"immune response-activating signaling pathway",6.84811777271152e-07
"GO:0002764",3.99036520374821e-08,2.38743072750855,27.3971391417425,58,388,"immune response-regulating signaling pathway",1.72813508439249e-06
"GO:0032101",6.37645317966989e-08,1.95118404522613,51.6167750325098,91,731,"regulation of response to external stimulus",2.56424510011011e-06
"GO:0045087",9.1627664459157e-08,2.02547676901554,43.778933680104,80,620,"innate immune response",3.43909167270036e-06
"GO:0002429",1.20331583053741e-07,2.76485167464115,17.0172951885566,41,241,"immune response-activating cell surface receptor signaling pathway",4.23416757870351e-06
"GO:0002253",1.43760248257447e-07,2.25065425995929,29.7979193758127,60,422,"activation of immune response",4.76100116287897e-06
"GO:0001775",2.35688015820535e-07,1.80790512409206,63.1970091027308,104,895,"cell activation",7.37179738372008e-06
"GO:0042221",2.7684249555408e-07,1.48569782110033,181.965019505852,244,2577,"response to chemical",8.20328026299721e-06
"GO:0007154",4.27686906781766e-07,1.38699125963975,335.120676202861,409,4746,"cell communication",1.20393864259067e-05
"GO:0009617",4.87677833864903e-07,2.22466190245708,28.0326397919376,56,397,"response to bacterium",1.30744104983781e-05
"GO:0002682",5.30820122465007e-07,1.7184613679193,73.8592977893368,116,1046,"regulation of immune system process",1.34040291543087e-05
"GO:0023052",5.47589112875845e-07,1.38496012336458,327.282834850455,400,4635,"signaling",1.34040291543087e-05
"GO:0046903",6.50036587533037e-07,1.7886877230078,60.5843953185956,99,858,"secretion",1.52487749492125e-05
"GO:0002768",8.71132844276119e-07,2.53332162767218,18.2882964889467,41,259,"immune response-regulating cell surface receptor signaling pathway",1.96179116530982e-05
"GO:0080134",1.22021961256391e-06,1.72586486551916,67.0100130039012,106,949,"regulation of response to stress",2.55414782747647e-05
"GO:0050776",1.22490215527291e-06,1.87203642802934,47.3801040312094,81,671,"regulation of immune response",2.55414782747647e-05
"GO:0032940",1.3884950297073e-06,1.79769076596857,55.2885565669701,91,783,"secretion by cell",2.79186679187576e-05
"GO:0050778",1.53698101672949e-06,1.96527584522241,38.5537061118335,69,546,"positive regulation of immune response",2.9838631462714e-05
"GO:0031347",1.59822833919773e-06,1.99521813179615,36.3647594278283,66,515,"regulation of defense response",2.9993418498944e-05
"GO:0006954",1.65283488187535e-06,1.9818331868785,37.1414824447334,67,526,"inflammatory response",3.00176141450265e-05
"GO:0008219",2.4984683301816e-06,1.56516880836459,102.880494148244,148,1457,"cell death",4.17713522777603e-05
"GO:1901700",2.51958497988659e-06,1.59393798588151,92.7830949284785,136,1314,"response to oxygen-containing compound",4.17713522777603e-05
"GO:0002758",2.54788871458904e-06,2.6259906766102,15.1107932379714,35,214,"innate immune response-activating signaling pathway",4.17713522777603e-05
"GO:0012501",2.59679809897267e-06,1.56609778472996,102.103771131339,147,1446,"programmed cell death",4.17713522777603e-05
"GO:0006950",3.02499422262878e-06,1.41657150759995,201.030039011704,259,2847,"response to stress",4.60467376388528e-05
"GO:0044281",3.19699636815756e-06,1.58789643960725,92.3594278283485,135,1308,"small molecule metabolic process",4.60467376388528e-05
"GO:0140352",3.21854580431599e-06,1.75004343610409,57.1950585175553,92,810,"export from cell",4.60467376388528e-05
"GO:0000165",3.23942758858068e-06,1.89830883208564,40.8838751625488,71,579,"MAPK cascade",4.60467376388528e-05
"GO:0007165",3.27152665284922e-06,1.36005655573043,303.133810143043,369,4293,"signal transduction",4.60467376388528e-05
"GO:0002274",4.82182518198003e-06,2.28802974090397,20.9009102730819,43,296,"myeloid leukocyte activation",6.62118921330429e-05
"GO:0006534",4.96214399664477e-06,18.5399443929564,0.847334200260078,7,12,"cysteine metabolic process",6.65163588121668e-05
"GO:0002684",5.25635014380505e-06,1.76535354889013,52.3228868660598,85,741,"positive regulation of immune system process",6.74985202910342e-05
"GO:0032103",5.2785187485674e-06,2.03474266624909,30.2215864759428,56,428,"positive regulation of response to external stimulus",6.74985202910342e-05
"GO:0006810",5.39508599129047e-06,1.366596716684,262.391157347204,324,3716,"transport",6.74985202910342e-05
"GO:0006629",5.55075212226452e-06,1.65126533742331,70.8936280884265,108,1004,"lipid metabolic process",6.79363792355419e-05
"GO:0042127",6.47870540446417e-06,1.51119803293108,114.107672301691,159,1616,"regulation of cell population proliferation",7.76066200577304e-05
"GO:0010033",6.76997006489478e-06,1.45272401739279,148.283485045514,198,2100,"response to organic substance",7.78875250881823e-05
"GO:0002444",6.77884321371391e-06,2.53419940853401,15.1107932379714,34,214,"myeloid leukocyte mediated immunity",7.78875250881823e-05
"GO:0006915",7.30040291236089e-06,1.54345679012346,98.9262678803641,141,1401,"apoptotic process",8.22025367931836e-05
"GO:0006887",7.73298051233754e-06,1.94205796269727,34.3170351105332,61,486,"exocytosis",8.53660397734517e-05
"GO:0002218",8.05841066802212e-06,2.47203164905604,15.8875162548765,35,225,"activation of innate immune response",8.68647700915717e-05
"GO:0140112",8.23365959631335e-06,11.7790146361575,1.20039011703511,8,17,"extracellular vesicle biogenesis",8.68647700915717e-05
"GO:0070371",8.33161205141185e-06,2.50599590523545,15.2520156046814,34,216,"ERK1 and ERK2 cascade",8.68647700915717e-05
"GO:0043408",8.90356182994322e-06,1.95523321305153,32.975422626788,59,467,"regulation of MAPK cascade",9.06738700293145e-05
"GO:0071702",9.06159286771309e-06,1.4323289917308,158.733940182055,209,2248,"organic substance transport",9.06738700293145e-05
"GO:0051716",9.18012538485066e-06,1.32099958093474,384.76033810143,451,5449,"cellular response to stimulus",9.06738700293145e-05
"GO:0031349",9.63586804650524e-06,2.15102831196581,23.5841352405722,46,334,"positive regulation of defense response",9.35343743134905e-05
"GO:0072593",1.03705190443535e-05,2.89720125786164,10.3092327698309,26,146,"reactive oxygen species metabolic process",9.81315090123405e-05
"GO:0002250",1.04580649036242e-05,2.1635446685879,22.9486345903771,45,325,"adaptive immune response",9.81315090123405e-05
"GO:0007186",1.06636106896924e-05,1.91878389109472,34.6700910273082,61,491,"G protein-coupled receptor signaling pathway",9.84198822671613e-05
"GO:0009636",1.1021737130121e-05,3.13425614836716,8.54395318595579,23,121,"response to toxic substance",0.000100084483939647
"GO:0043299",1.20032542514393e-05,2.53752961386883,14.1928478543563,32,201,"leukocyte degranulation",0.000106325534437402
"GO:0050865",1.20867392610901e-05,1.96945792880259,31.0689206762029,56,440,"regulation of cell activation",0.000106325534437402
"GO:0051241",1.34235611579345e-05,1.72083543755862,52.8171651495449,84,748,"negative regulation of multicellular organismal process",0.000116268691260263
"GO:0050909",1.39034708152416e-05,10.6003710575139,1.27100130039012,8,18,"sensory perception of taste",0.000118600819226985
"GO:0032496",1.42887907420198e-05,2.47123143771188,14.9695708712614,33,212,"response to lipopolysaccharide",0.000120068495339659
"GO:0045321",1.48313009638294e-05,1.69888539902887,55.3591677503251,87,784,"leukocyte activation",0.000122757102165709
"GO:0002443",1.50448313489058e-05,2.02231884057971,27.6089726918075,51,391,"leukocyte mediated immunity",0.000122757102165709
"GO:0002833",1.64264815084875e-05,2.25775615057801,19.1356306892068,39,271,"positive regulation of response to biotic stimulus",0.000132115844132549
"GO:0050866",1.70533264163169e-05,2.80295191722459,10.591677503251,26,150,"negative regulation of cell activation",0.000135225672850513
"GO:0002275",1.74315614206893e-05,2.44357872534668,15.1107932379714,33,214,"myeloid cell activation involved in immune response",0.000136305126109001
"GO:0051234",1.80418654374043e-05,1.33831198011859,270.65266579974,329,3833,"establishment of localization",0.000138034982812988
"GO:0002220",1.81431416130748e-05,3.63329928498468,5.93133940182055,18,84,"innate immune response activating cell surface receptor signaling pathway",0.000138034982812988
"GO:0002366",1.86032748347624e-05,2.05215157353886,25.6318595578674,48,363,"leukocyte activation involved in immune response",0.00013964858309295
"GO:0002263",2.00031392213624e-05,2.04551108509549,25.7024707412224,48,364,"cell activation involved in immune response",0.000146278666982488
"GO:0070372",2.00061409549762e-05,2.46373966716831,14.5459037711313,32,206,"regulation of ERK1 and ERK2 cascade",0.000146278666982488
"GO:0002252",2.04861624578743e-05,1.8418953241454,37.7063719115735,64,534,"immune effector process",0.000147868070048503
"GO:0006749",2.40770298689152e-05,6.63289962825279,2.1183355006502,10,30,"glutathione metabolic process",0.000171586934382269
"GO:2000707",2.47321230699434e-05,Inf,0.282444733420026,4,4,"positive regulation of dense core granule biogenesis",0.000171903522078742
"GO:0002159",2.47321230699434e-05,Inf,0.282444733420026,4,4,"desmosome assembly",0.000171903522078742
"GO:0002831",2.53847202617065e-05,2.04057251078891,25.2081924577373,47,357,"regulation of response to biotic stimulus",0.000174287774479765
"GO:0051179",2.68844136907073e-05,1.31922413519434,301.156697009103,360,4265,"localization",0.000182360541058653
"GO:0016192",2.91898381821516e-05,1.4892305790385,103.37477243173,143,1464,"vesicle-mediated transport",0.000195641415435135
"GO:0044703",2.99983043553378e-05,3.47459697117733,6.14317295188557,18,87,"multi-organism reproductive process",0.000198694651200649
"GO:0002237",3.10243431020719e-05,2.36416959946372,15.5344603381014,33,220,"response to molecule of bacterial origin",0.000203101222865889
"GO:0050727",3.21921481804908e-05,2.3246876697447,16.2405721716515,34,230,"regulation of inflammatory response",0.000204920985003895
"GO:0050912",3.23942587306334e-05,33.0527289546716,0.494278283485045,5,7,"detection of chemical stimulus involved in sensory perception of taste",0.000204920985003895
"GO:0070813",3.23942587306334e-05,33.0527289546716,0.494278283485045,5,7,"hydrogen sulfide metabolic process",0.000204920985003895
"GO:0009069",3.3305754400311e-05,6.31660470879802,2.1889466840052,10,31,"serine family amino acid metabolic process",0.000208345996970834
"GO:0048584",4.16028236322033e-05,1.45693710795642,113.68400520156,154,1610,"positive regulation of response to stimulus",0.000257388897856378
"GO:0030855",4.33213918841484e-05,1.86926848024608,32.481144343303,56,460,"epithelial cell differentiation",0.000265108082943212
"GO:0090066",4.61548484540266e-05,1.93982063578605,28.0326397919376,50,397,"regulation of anatomical structure size",0.00027941053418943
"GO:0050878",4.80226083308509e-05,2.1359803520262,20.0535760728218,39,284,"regulation of body fluid levels",0.000287624771173075
"GO:0070887",4.99496628210997e-05,1.41555451752868,136.138361508453,179,1928,"cellular response to chemical stimulus",0.00029601747545557
"GO:0048518",5.08124121543651e-05,1.29925831744014,326.153055916775,384,4619,"positive regulation of biological process",0.000297993625446954
"GO:0034109",5.20780011913851e-05,3.83591898297781,4.73094928478544,15,67,"homotypic cell-cell adhesion",0.000302267161554122
"GO:0007166",5.55948569983601e-05,1.39039340774372,154.285435630689,199,2185,"cell surface receptor signaling pathway",0.000319386780510987
"GO:0014070",6.20839246174663e-05,1.71235917564518,44.6262678803641,71,632,"response to organic cyclic compound",0.000352144149470167
"GO:0045088",6.25478063002073e-05,2.04327003165084,22.4543563068921,42,318,"regulation of innate immune response",0.000352144149470167
"GO:0045089",7.19135011370817e-05,2.16338244714926,18.2882964889467,36,259,"positive regulation of innate immune response",0.000400864367724525
"GO:0002934",7.79914566292614e-05,13.2296296296296,0.847334200260078,6,12,"desmosome organization",0.00043048225570857
"GO:0007567",8.13408987158482e-05,22.0336108541474,0.564889466840052,5,8,"parturition",0.000444610931815753
"GO:0051336",8.43274552360832e-05,1.65087425595238,50.6988296488947,78,718,"regulation of hydrolase activity",0.000452691938594351
"GO:0052547",8.44274485833159e-05,2.14384761904762,18.4295188556567,36,261,"regulation of peptidase activity",0.000452691938594351
"GO:0048002",9.0570478640468e-05,3.27849405512398,6.07256176853056,17,86,"antigen processing and presentation of peptide antigen",0.000481048862967769
"GO:0002504",9.32727895305631e-05,4.4252017380509,3.38933680104031,12,48,"antigen processing and presentation of peptide or polysaccharide antigen via MHC class II",0.000490771780427169
"GO:0044706",9.56791085702127e-05,3.01233989378319,7.27295188556567,19,103,"multi-multicellular organism process",0.000498771649305831
"GO:0042981",9.67481723002911e-05,1.53277218928123,73.2944083224967,105,1038,"regulation of apoptotic process",0.000499717623899669
"GO:0002683",0.000102784436475863,2.05075566043036,20.7596879063719,39,294,"negative regulation of immune system process",0.000526069433962824
"GO:0043409",0.000107332081177026,2.64454860998475,9.8149544863459,23,139,"negative regulation of MAPK cascade",0.000544396051375368
"GO:0000096",0.000113293783027812,7.06444032158318,1.62405721716515,8,23,"sulfur amino acid metabolic process",0.000569503570041593
"GO:1901607",0.000115675794170249,4.30529971312094,3.45994798439532,12,49,"alpha-amino acid biosynthetic process",0.000576329647389878
"GO:0001580",0.000116699076025659,52.8391866913124,0.353055916775033,4,5,"detection of chemical stimulus involved in sensory perception of bitter taste",0.000576329647389878
"GO:0002695",0.000120217776557497,2.69081534110506,9.25006501950585,22,131,"negative regulation of leukocyte activation",0.000588544419146702
"GO:0009084",0.000136725654834205,8.42370882129918,1.27100130039012,7,18,"glutamine family amino acid biosynthetic process",0.000663590893721184
"GO:0009611",0.00014200326036418,1.84177817739462,29.3036410923277,50,415,"response to wounding",0.000683314834060112
"GO:0008285",0.000144912347206844,1.68441876232404,42.6491547464239,67,604,"negative regulation of cell population proliferation",0.000687483266913166
"GO:0043067",0.000145311738477206,1.5107746554119,74.9184655396619,106,1061,"regulation of programmed cell death",0.000687483266913166
"GO:0010817",0.000149506101024215,1.97086313045566,22.5955786736021,41,320,"regulation of hormone levels",0.000701432790638609
"GO:0002712",0.000155609918965407,5.67966573816156,2.1183355006502,9,30,"regulation of B cell mediated immunity",0.00071810151129118
"GO:0002889",0.000155609918965407,5.67966573816156,2.1183355006502,9,30,"regulation of immunoglobulin mediated immune response",0.00071810151129118
"GO:0045216",0.000157091225930053,2.4529439485502,11.368400520156,25,161,"cell-cell junction organization",0.000719043578850567
"GO:0050907",0.000172350062393796,16.5240518038853,0.635500650195059,5,9,"detection of chemical stimulus involved in sensory perception",0.000769533595745962
"GO:0043129",0.000172350062393796,16.5240518038853,0.635500650195059,5,9,"surfactant homeostasis",0.000769533595745962
"GO:0097070",0.000172350062393796,16.5240518038853,0.635500650195059,5,9,"ductus arteriosus closure",0.000769533595745962
"GO:0042119",0.000173589283587455,2.34097347411795,12.7806241872562,27,181,"neutrophil activation",0.000769533595745962
"GO:0051046",0.000181372629513561,1.76653803684816,33.4697009102731,55,474,"regulation of secretion",0.000797756175126052
"GO:0043066",0.000190729466813108,1.67963194374083,41.4487646293888,65,587,"negative regulation of apoptotic process",0.000832408448184338
"GO:0006690",0.000192721509107451,3.75266420843632,4.16605981794538,13,59,"icosanoid metabolic process",0.000834632381749962
"GO:0016477",0.000199182709168693,1.47264079353895,83.2505851755527,115,1179,"cell migration",0.000856029505816598
"GO:0043069",0.000206279574138773,1.66732760519938,42.3667100130039,66,600,"negative regulation of programmed cell death",0.000879813638182795
"GO:1901615",0.000210608346756708,1.8315817130846,28.2444733420026,48,400,"organic hydroxy compound metabolic process",0.000891522550556592
"GO:0045649",0.000224113466014562,9.92083333333333,0.988556566970091,6,14,"regulation of macrophage differentiation",0.000939183307412967
"GO:2000377",0.000227075678174572,3.12831225948323,5.93133940182055,16,84,"regulation of reactive oxygen species metabolic process",0.000939183307412967
"GO:0010466",0.000227075678174572,3.12831225948323,5.93133940182055,16,84,"negative regulation of peptidase activity",0.000939183307412967
"GO:0036230",0.000228540165391788,2.29575431695567,12.9924577373212,27,184,"granulocyte activation",0.000939183307412967
"GO:0002694",0.000236780774308336,1.82097253518827,28.3856957087126,48,402,"regulation of leukocyte activation",0.000965996927069515
"GO:0034097",0.000277273864795559,1.60557701026718,48.5098829648895,73,687,"response to cytokine",0.0011230588912223
"GO:0050864",0.000280702545758139,2.93621906624713,6.63745123537061,17,94,"regulation of B cell activation",0.00112882523758451
"GO:0045055",0.000291402166946147,1.84060237576439,26.3379713914174,45,373,"regulated exocytosis",0.00116354198574951
"GO:1901606",0.000324727580158724,3.52216748768473,4.3778933680104,13,62,"alpha-amino acid catabolic process",0.00127426730367898
"GO:0050913",0.000330436256285178,26.4177449168207,0.423667100130039,4,6,"sensory perception of bitter taste",0.00127426730367898
"GO:0061110",0.000330436256285178,26.4177449168207,0.423667100130039,4,6,"dense core granule biogenesis",0.00127426730367898
"GO:2000705",0.000330436256285178,26.4177449168207,0.423667100130039,4,6,"regulation of dense core granule biogenesis",0.00127426730367898
"GO:1990858",0.000339568643872032,4.05266149870801,3.31872561768531,11,47,"cellular response to lectin",0.00127426730367898
"GO:1990840",0.000339568643872032,4.05266149870801,3.31872561768531,11,47,"response to lectin",0.00127426730367898
"GO:0002223",0.000339568643872032,4.05266149870801,3.31872561768531,11,47,"stimulatory C-type lectin receptor signaling pathway",0.00127426730367898
"GO:0070527",0.000339568643872032,4.05266149870801,3.31872561768531,11,47,"platelet aggregation",0.00127426730367898
"GO:0052548",0.000346192583160189,2.04255038514298,17.5821846553966,33,249,"regulation of endopeptidase activity",0.00127426730367898
"GO:0070445",0.00035115960890722,Inf,0.21183355006502,3,3,"regulation of oligodendrocyte progenitor proliferation",0.00127426730367898
"GO:0097734",0.00035127190124665,8.8179012345679,1.0591677503251,6,15,"extracellular exosome biogenesis",0.00127426730367898
"GO:1990182",0.00035127190124665,8.8179012345679,1.0591677503251,6,15,"exosomal secretion",0.00127426730367898
"GO:0030728",0.00035127190124665,8.8179012345679,1.0591677503251,6,15,"ovulation",0.00127426730367898
"GO:0031953",0.00035127190124665,8.8179012345679,1.0591677503251,6,15,"negative regulation of protein autophosphorylation",0.00127426730367898
"GO:0044283",0.00035323864015595,1.77327559542221,29.6566970091027,49,420,"small molecule biosynthetic process",0.00127426730367898
"GO:0140962",0.000355346299604972,4.41883519206939,2.82444733420026,10,40,"multicellular organismal-level chemical homeostasis",0.00127426730367898
"GO:0002221",0.000371036958857342,2.29922974422308,12.0039011703511,25,170,"pattern recognition receptor signaling pathway",0.00131462634947433
"GO:0008652",0.000371271029425254,3.70300116928674,3.88361508452536,12,55,"amino acid biosynthetic process",0.00131462634947433
"GO:0050790",0.000378614804870198,1.42319464982261,93.3479843953186,125,1322,"regulation of catalytic activity",0.00133225084463701
"GO:0048821",0.000398017574585967,5.57562738013866,1.90650195058518,8,27,"erythrocyte development",0.00138323391661666
"GO:0070266",0.000398017574585967,5.57562738013866,1.90650195058518,8,27,"necroptotic process",0.00138323391661666
"GO:0051248",0.000423317694174598,1.59465444775484,46.7446033810143,70,662,"negative regulation of protein metabolic process",0.00146213412159692
"GO:0002283",0.000431542671732549,2.31818553999836,11.4390117035111,24,162,"neutrophil activation involved in immune response",0.00148145441576479
"GO:0006536",0.000441502189169728,4.76958217270195,2.40078023407022,9,34,"glutamate metabolic process",0.00150116772841596
"GO:0007606",0.000442617838218559,3.61858811579482,3.95422626788036,12,56,"sensory perception of chemical stimulus",0.00150116772841596
"GO:0051607",0.000453704691826239,2.08658854166667,15.6756827048114,30,222,"defense response to virus",0.00152045084225103
"GO:0140546",0.000453704691826239,2.08658854166667,15.6756827048114,30,222,"defense response to symbiont",0.00152045084225103
"GO:0007565",0.000484057346202285,3.01926831338596,5.71950585175553,15,81,"female pregnancy",0.00161256973912359
"GO:0006879",0.000498798981936525,3.83882496940024,3.45994798439532,11,49,"intracellular iron ion homeostasis",0.00164704054450614
"GO:0030001",0.000501448355318532,1.58348966865719,47.0270481144343,70,666,"metal ion transport",0.00164704054450614
"GO:0071310",0.000503181125497435,1.38601216986295,107.258387516255,140,1519,"cellular response to organic substance",0.00164704054450614
"GO:1903530",0.000512391917644938,1.72973968077061,30.9276983094928,50,438,"regulation of secretion by cell",0.00166749508459017
"GO:0009065",0.000528602677096669,7.93555555555556,1.1297789336801,6,16,"glutamine family amino acid catabolic process",0.00171036383451394
"GO:0019221",0.000542319235272736,1.82076033180821,24.7845253576073,42,351,"cytokine-mediated signaling pathway",0.00174471845404886
"GO:0070493",0.000560619957505684,11.0144927536232,0.776723016905072,5,11,"thrombin-activated receptor signaling pathway",0.00179106675504791
"GO:0042060",0.00056308848249286,1.8466407331707,23.3016905071521,40,330,"wound healing",0.00179106675504791
"GO:0050900",0.000593234820854778,1.95039899476166,18.8531859557867,34,267,"leukocyte migration",0.00187293207329221
"GO:0045834",0.000595479291508535,2.6305099394987,7.69661898569571,18,109,"positive regulation of lipid metabolic process",0.00187293207329221
"GO:1901698",0.000600332785484991,1.50587944165926,59.8782834850455,85,848,"response to nitrogen compound",0.00187770754571139
"GO:0010243",0.000641497197132518,1.51725836835241,56.6301690507152,81,802,"response to organonitrogen compound",0.00199537525958899
"GO:1901184",0.000679521372265142,3.04719231710301,5.29583875162549,14,75,"regulation of ERBB signaling pathway",0.00209433654938018
"GO:0033993",0.000680752377507234,1.5908823791292,43.425877763329,65,615,"response to lipid",0.00209433654938018
"GO:0034113",0.000697354857564165,4.41566078613432,2.54200260078023,9,36,"heterotypic cell-cell adhesion",0.002122220458425
"GO:0097300",0.000697354857564165,4.41566078613432,2.54200260078023,9,36,"programmed necrotic cell death",0.002122220458425
"GO:1901605",0.000769416936655229,2.30650938369546,10.521066319896,22,149,"alpha-amino acid metabolic process",0.00232893406095104
"GO:0044248",0.000785967663996559,1.43977388211382,74.9890767230169,102,1062,"cellular catabolic process",0.00234041515220703
"GO:0051259",0.00078825283388318,1.67356405011387,33.116644993498,52,469,"protein complex oligomerization",0.00234041515220703
"GO:0050851",0.000789838150833632,2.25246250899231,11.227178153446,23,159,"antigen receptor-mediated signaling pathway",0.00234041515220703
"GO:0043270",0.000789838150833632,2.25246250899231,11.227178153446,23,159,"positive regulation of monoatomic ion transport",0.00234041515220703
"GO:0050852",0.000806164909552679,2.4776081004098,8.54395318595579,19,121,"T cell receptor signaling pathway",0.0023460603054078
"GO:0050817",0.000808310487419116,2.12643824516726,13.3455136540962,26,189,"coagulation",0.0023460603054078
"GO:0007596",0.000808310487419116,2.12643824516726,13.3455136540962,26,189,"blood coagulation",0.0023460603054078
"GO:0051924",0.00080841154395935,2.16348213520692,12.6394018205462,25,179,"regulation of calcium ion transport",0.0023460603054078
"GO:0030216",0.000820368165249511,2.84593837535014,6.00195058517555,15,85,"keratinocyte differentiation",0.00236855013864346
"GO:0016050",0.000830698943756104,1.95125332501538,17.7234070221066,32,251,"vesicle organization",0.00238614033334024
"GO:0007599",0.000875175768828672,2.11332259549011,13.4161248374512,26,190,"hemostasis",0.00250113684188093
"GO:0010959",0.000882082899440979,1.900623637781,19.2768530559168,34,273,"regulation of metal ion transport",0.00250814481002662
"GO:0043085",0.000892520623997781,1.50142261866907,56.4183355006502,80,799,"positive regulation of catalytic activity",0.0025250709111093
"GO:1901701",0.000910772535803531,1.46872240653585,64.1149544863459,89,908,"cellular response to oxygen-containing compound",0.00256382468828694
"GO:0001818",0.000981990011153692,2.30964963333721,10.0267880364109,21,142,"negative regulation of cytokine production",0.00273848880718469
"GO:0006811",0.000982548381973903,1.4708889114396,62.5615084525358,87,886,"monoatomic ion transport",0.00273848880718469
"GO:2000117",0.00100670262623399,3.4722480620155,3.74239271781534,11,53,"negative regulation of cysteine-type endopeptidase activity",0.002778301855734
"GO:0006826",0.00100670262623399,3.4722480620155,3.74239271781534,11,53,"iron ion transport",0.002778301855734
"GO:0002446",0.00103178344803373,2.16002443121087,12.1451235370611,24,172,"neutrophil mediated immunity",0.00283362966459996
"GO:0042742",0.00103896583417023,2.35451360640223,9.39128738621586,20,133,"defense response to bacterium",0.00283950371183418
"GO:0010611",0.00106283918331981,4.11055614254154,2.68322496749025,9,38,"regulation of cardiac muscle hypertrophy",0.00287681952023584
"GO:0042743",0.00106283918331981,4.11055614254154,2.68322496749025,9,38,"hydrogen peroxide metabolic process",0.00287681952023584
"GO:0032501",0.00109481998443899,1.21932981647968,412.016254876463,460,5835,"multicellular organismal process",0.00294920407291461
"GO:0016053",0.00111878841763709,1.98370327244499,15.8169050715215,29,224,"organic acid biosynthetic process",0.00299941847204611
"GO:0051249",0.00119456960253172,1.779956384404,23.4429128738622,39,332,"regulation of lymphocyte activation",0.00318173370206488
"GO:0002697",0.00120314198509476,1.92416620742863,17.3703511053316,31,246,"regulation of immune effector process",0.00318173370206488
"GO:0070374",0.00120374649829453,2.38344149528744,8.82639791937581,19,125,"positive regulation of ERK1 and ERK2 cascade",0.00318173370206488
"GO:0016064",0.00131530124573348,2.81535504296698,5.64889466840052,14,80,"immunoglobulin mediated immune response",0.00339289040342056
"GO:0010951",0.00131530124573348,2.81535504296698,5.64889466840052,14,80,"negative regulation of endopeptidase activity",0.00339289040342056
"GO:0019344",0.00133044206641905,39.5927977839335,0.282444733420026,3,4,"cysteine biosynthetic process",0.00339289040342056
"GO:0006526",0.00133044206641905,39.5927977839335,0.282444733420026,3,4,"arginine biosynthetic process",0.00339289040342056
"GO:0046351",0.00133044206641905,39.5927977839335,0.282444733420026,3,4,"disaccharide biosynthetic process",0.00339289040342056
"GO:0070444",0.00133044206641905,39.5927977839335,0.282444733420026,3,4,"oligodendrocyte progenitor proliferation",0.00339289040342056
"GO:0090330",0.00133428223696634,5.14529914529915,1.76527958387516,7,25,"regulation of platelet aggregation",0.00339289040342056
"GO:0006575",0.00133662020895071,2.69134680899387,6.28439531859558,15,89,"cellular modified amino acid metabolic process",0.00339289040342056
"GO:0009615",0.00134672238965178,1.86679704476315,18.9944083224967,33,269,"response to virus",0.00339289040342056
"GO:0048870",0.00134675940999135,1.37782134676403,91.1590377113134,119,1291,"cell motility",0.00339289040342056
"GO:0086103",0.00137431027399996,13.2070240295749,0.564889466840052,4,8,"G protein-coupled receptor signaling pathway involved in heart process",0.00339289040342056
"GO:0045651",0.00137431027399996,13.2070240295749,0.564889466840052,4,8,"positive regulation of macrophage differentiation",0.00339289040342056
"GO:0031663",0.00137516060532539,4.41249226963513,2.25955786736021,8,32,"lipopolysaccharide-mediated signaling pathway",0.00339289040342056
"GO:0061436",0.00138608311329792,8.25971322849214,0.917945383615084,5,13,"establishment of skin barrier",0.00339289040342056
"GO:0014741",0.00138608311329792,8.25971322849214,0.917945383615084,5,13,"negative regulation of muscle hypertrophy",0.00339289040342056
"GO:0010614",0.00138608311329792,8.25971322849214,0.917945383615084,5,13,"negative regulation of cardiac muscle hypertrophy",0.00339289040342056
"GO:2001026",0.00138608311329792,8.25971322849214,0.917945383615084,5,13,"regulation of endothelial cell chemotaxis",0.00339289040342056
"GO:0009063",0.00143822273927461,2.92313646200262,5.08400520156047,13,72,"amino acid catabolic process",0.00350527879745284
"GO:0043122",0.00145917952020631,1.99915014164306,14.6165149544863,27,207,"regulation of canonical NF-kappaB signal transduction",0.00353500100122524
"GO:0032879",0.00146297554757634,1.34495484385768,108.31755526658,138,1534,"regulation of localization",0.00353500100122524
"GO:0019724",0.00148899400085939,2.77313989752729,5.71950585175553,14,81,"B cell mediated immunity",0.00355406914268334
"GO:0048485",0.00149082055572608,6.10299145299145,1.34161248374512,6,19,"sympathetic nervous system development",0.00355406914268334
"GO:0010499",0.00149082055572608,6.10299145299145,1.34161248374512,6,19,"proteasomal ubiquitin-independent protein catabolic process",0.00355406914268334
"GO:0048583",0.00149611791619174,1.25843172587268,210.562548764629,249,2982,"regulation of response to stimulus",0.00355406914268334
"GO:0007034",0.00153536394147416,2.21721439749609,10.379843953186,21,147,"vacuolar transport",0.0036319743657561
"GO:0014743",0.00156961344358314,3.84481984005751,2.82444733420026,9,40,"regulation of muscle hypertrophy",0.00369745760977953
"GO:0007249",0.00157859562899994,1.9334247871334,16.1699609882965,29,229,"canonical NF-kappaB signal transduction",0.00369835339399725
"GO:0051345",0.00160153713898891,1.65634466339091,30.1509752925878,47,427,"positive regulation of hydrolase activity",0.00369835339399725
"GO:0071222",0.00160211743363709,2.3173520889401,9.03823146944083,19,128,"cellular response to lipopolysaccharide",0.00369835339399725
"GO:0042445",0.00160283877111071,2.45489486313906,7.69661898569571,17,109,"hormone metabolic process",0.00369835339399725
"GO:0007043",0.00160283877111071,2.45489486313906,7.69661898569571,17,109,"cell-cell junction assembly",0.00369835339399725
"GO:0043154",0.00163831506214206,3.48659753472902,3.38933680104031,10,48,"negative regulation of cysteine-type endopeptidase activity involved in apoptotic process",0.00374947715441454
"GO:0002474",0.00163831506214206,3.48659753472902,3.38933680104031,10,48,"antigen processing and presentation of peptide antigen via MHC class I",0.00374947715441454
"GO:0071705",0.00166229142123899,1.32271147319512,121.310013003901,152,1718,"nitrogen compound transport",0.00378894765245971
"GO:0071985",0.00170446401353717,4.23569573283859,2.33016905071521,8,33,"multivesicular body sorting pathway",0.00384886203848979
"GO:0006692",0.00171592250739065,4.87415248036681,1.83589076723017,7,26,"prostanoid metabolic process",0.00384886203848979
"GO:0006693",0.00171592250739065,4.87415248036681,1.83589076723017,7,26,"prostaglandin metabolic process",0.00384886203848979
"GO:0042744",0.00171592250739065,4.87415248036681,1.83589076723017,7,26,"hydrogen peroxide catabolic process",0.00384886203848979
"GO:0006812",0.00176674423124672,1.49046882111971,50.9812743823147,72,722,"monoatomic cation transport",0.00394713096107897
"GO:0051240",0.00182421026437141,1.39446160300687,77.8135240572172,103,1102,"positive regulation of multicellular organismal process",0.0040489344262233
"GO:0043312",0.00182669510525882,2.13664178694912,11.227178153446,22,159,"neutrophil degranulation",0.0040489344262233
"GO:0043086",0.00188070625552772,1.65076819962879,29.5860858257477,46,419,"negative regulation of catalytic activity",0.00413731007043198
"GO:0032482",0.0018812635488998,3.16942366026289,4.02483745123537,11,57,"Rab protein signal transduction",0.00413731007043198
"GO:0043407",0.00193049867245116,3.39695929844629,3.45994798439532,10,49,"negative regulation of MAP kinase activity",0.00421687842377626
"GO:0030162",0.00193242386027402,1.58936526396261,35.3055916775033,53,500,"regulation of proteolysis",0.00421687842377626
"GO:1903034",0.00196046003514943,2.40232470194853,7.83784135240572,17,111,"regulation of response to wounding",0.00426154053972638
"GO:0006520",0.00200005231897101,1.92348917428332,15.6756827048114,28,222,"amino acid metabolic process",0.00433088252146416
"GO:0061158",0.00203162180623311,7.34145338678179,0.988556566970091,5,14,"3'-UTR-mediated mRNA destabilization",0.00434906112893248
"GO:0009070",0.00203162180623311,7.34145338678179,0.988556566970091,5,14,"serine family amino acid biosynthetic process",0.00434906112893248
"GO:0060487",0.00203162180623311,7.34145338678179,0.988556566970091,5,14,"lung epithelial cell differentiation",0.00434906112893248
"GO:0038127",0.00210698547909776,2.25480318650422,9.25006501950585,19,131,"ERBB signaling pathway",0.00449330615428802
"GO:0040011",0.00212662279292508,1.43230519480519,62.4908972691808,85,885,"locomotion",0.00451807031100687
"GO:0050670",0.00215178994404206,2.14838569880823,10.662288686606,21,151,"regulation of lymphocyte proliferation",0.00453729490073288
"GO:0032944",0.00215178994404206,2.14838569880823,10.662288686606,21,151,"regulation of mononuclear cell proliferation",0.00453729490073288
"GO:0019752",0.00225563328472682,1.50530244182512,45.5442132639792,65,645,"carboxylic acid metabolic process",0.0047369496844316
"GO:0007032",0.00226330277995044,3.3118029739777,3.53055916775032,10,50,"endosome organization",0.0047369496844316
"GO:0002460",0.0022907865968471,1.95630529794265,14.3340702210663,26,203,"adaptive immune response based on somatic recombination of immune receptors built from immunoglobulin superfamily domains",0.00475877699788238
"GO:0032102",0.00231751651952884,1.7970695970696,19.6299089726918,33,278,"negative regulation of response to external stimulus",0.00475877699788238
"GO:0009064",0.00232148950338382,2.89263585576435,4.73094928478544,12,67,"glutamine family amino acid metabolic process",0.00475877699788238
"GO:0016054",0.00233506294842485,2.13183528652833,10.732899869961,21,152,"organic acid catabolic process",0.00475877699788238
"GO:0046395",0.00233506294842485,2.13183528652833,10.732899869961,21,152,"carboxylic acid catabolic process",0.00475877699788238
"GO:0060670",0.0023358784432849,10.5648798521257,0.635500650195059,4,9,"branching involved in labyrinthine layer morphogenesis",0.00475877699788238
"GO:0060644",0.0023358784432849,10.5648798521257,0.635500650195059,4,9,"mammary gland epithelial cell differentiation",0.00475877699788238
"GO:0000041",0.00234135209309666,2.52012197283977,6.63745123537061,15,94,"transition metal ion transport",0.00475877699788238
"GO:0140888",0.00238521832686135,2.73677125401263,5.36644993498049,13,76,"interferon-mediated signaling pathway",0.00479838435606894
"GO:0060840",0.00238640785026519,2.61617090603321,6.00195058517555,14,85,"artery development",0.00479838435606894
"GO:0061041",0.00238640785026519,2.61617090603321,6.00195058517555,14,85,"regulation of wound healing",0.00479838435606894
"GO:0043410",0.00245566403776132,1.78963704166956,19.7005201560468,33,279,"positive regulation of MAPK cascade",0.00492006709345061
"GO:0007041",0.00250387247233533,2.41393372982158,7.34356306892068,16,104,"lysosomal transport",0.00498932566340145
"GO:0061515",0.0025079558840899,3.03693798449612,4.16605981794538,11,59,"myeloid cell development",0.00498932566340145
"GO:0043436",0.00252484091166695,1.49237472766885,46.6033810143043,66,660,"oxoacid metabolic process",0.00500523039883272
"GO:0097529",0.00253400034122803,2.16156439237938,10.0973992197659,20,143,"myeloid leukocyte migration",0.00500576207758379
"GO:2000379",0.00254804515388431,3.92139077853364,2.47139141742523,8,35,"positive regulation of reactive oxygen species metabolic process",0.00501590706866038
"GO:0032528",0.00263968920543228,5.28851851851852,1.48283485045514,6,21,"microvillus organization",0.00511107406325642
"GO:0071875",0.00263968920543228,5.28851851851852,1.48283485045514,6,21,"adrenergic receptor signaling pathway",0.00511107406325642
"GO:0050672",0.00264067456397784,3.23080061655635,3.60117035110533,10,51,"negative regulation of lymphocyte proliferation",0.00511107406325642
"GO:0032945",0.00264067456397784,3.23080061655635,3.60117035110533,10,51,"negative regulation of mononuclear cell proliferation",0.00511107406325642
"GO:0030593",0.00264178073251797,2.84078212290503,4.80156046814044,12,68,"neutrophil chemotaxis",0.00511107406325642
"GO:0016266",0.00267526828319819,3.50483368834999,3.03628088426528,9,43,"O-glycan processing",0.00515813713507048
"GO:0006066",0.00275329379184333,1.7749517507582,19.8417425227568,33,281,"alcohol metabolic process",0.00529045871948052
"GO:0006082",0.00281419641077991,1.48455020199034,46.8152145643693,66,663,"organic acid metabolic process",0.00538909040567717
"GO:0034134",0.00287179675872634,6.60684551341351,1.0591677503251,5,15,"toll-like receptor 2 signaling pathway",0.005436742268178
"GO:0070254",0.00287179675872634,6.60684551341351,1.0591677503251,5,15,"mucus secretion",0.005436742268178
"GO:0060479",0.00287179675872634,6.60684551341351,1.0591677503251,5,15,"lung cell differentiation",0.005436742268178
"GO:0048844",0.00287918937289433,2.97475083056478,4.23667100130039,11,60,"artery morphogenesis",0.005436742268178
"GO:0032535",0.00288736401098618,1.72227342549923,22.242522756827,36,315,"regulation of cellular component size",0.005436742268178
"GO:0070663",0.00296581851566263,2.08366617616145,10.944733420026,21,155,"regulation of leukocyte proliferation",0.00556585274772687
"GO:0071219",0.00298301510220736,2.17643732023398,9.53250975292588,19,135,"cellular response to molecule of bacterial origin",0.00556785588595279
"GO:0006816",0.00298666514663898,1.69138676844784,23.8665799739922,38,338,"calcium ion transport",0.00556785588595279
"GO:0070664",0.00306674634501669,3.15365551425031,3.67178153446034,10,52,"negative regulation of leukocyte proliferation",0.00564982432732849
"GO:0034340",0.00306674634501669,3.15365551425031,3.67178153446034,10,52,"response to type I interferon",0.00564982432732849
"GO:0010543",0.00307681380997578,3.78107606679035,2.54200260078023,8,36,"regulation of platelet activation",0.00564982432732849
"GO:1902532",0.00312152934757558,1.60221354166667,30.3628088426528,46,430,"negative regulation of intracellular signal transduction",0.00564982432732849
"GO:0050917",0.00315105655200914,19.7950138504155,0.353055916775033,3,5,"sensory perception of umami taste",0.00564982432732849
"GO:0061817",0.00315105655200914,19.7950138504155,0.353055916775033,3,5,"endoplasmic reticulum-plasma membrane tethering",0.00564982432732849
"GO:0086042",0.00315105655200914,19.7950138504155,0.353055916775033,3,5,"cardiac muscle cell-cardiac muscle cell adhesion",0.00564982432732849
"GO:0040034",0.00315105655200914,19.7950138504155,0.353055916775033,3,5,"regulation of development, heterochronic",0.00564982432732849
"GO:0048505",0.00315105655200914,19.7950138504155,0.353055916775033,3,5,"regulation of timing of cell differentiation",0.00564982432732849
"GO:0099509",0.00315105655200914,19.7950138504155,0.353055916775033,3,5,"regulation of presynaptic cytosolic calcium ion concentration",0.00564982432732849
"GO:0005984",0.00315105655200914,19.7950138504155,0.353055916775033,3,5,"disaccharide metabolic process",0.00564982432732849
"GO:0006537",0.00315105655200914,19.7950138504155,0.353055916775033,3,5,"glutamate biosynthetic process",0.00564982432732849
"GO:0002822",0.00321922012209756,2.21379525593009,8.89700910273082,18,126,"regulation of adaptive immune response based on somatic recombination of immune receptors built from immunoglobulin superfamily domains",0.00575371723409818
"GO:0030041",0.0032376802958669,2.10965186574943,10.3092327698309,20,146,"actin filament polymerization",0.00576662156348481
"GO:0042326",0.00324692546292129,1.78885537842884,18.5001300390117,31,262,"negative regulation of phosphorylation",0.00576662156348481
"GO:0098771",0.00331092868547796,1.64490136069083,26.4085825747724,41,374,"inorganic ion homeostasis",0.00585254505412141
"GO:0045471",0.00331892365138802,2.50958047599839,6.21378413524057,14,88,"response to ethanol",0.00585254505412141
"GO:0043068",0.00332649097214716,1.58759393744957,31.2807542262679,47,443,"positive regulation of programmed cell death",0.00585254505412141
"GO:0051250",0.00335594644051294,2.33386053199137,7.5553966189857,16,107,"negative regulation of lymphocyte activation",0.00587231034750583
"GO:1901575",0.00335858602468362,1.30560644448775,113.472171651495,141,1607,"organic substance catabolic process",0.00587231034750583
"GO:0007200",0.00338099789322484,4.20861066644199,2.04772431729519,7,29,"phospholipase C-activating G protein-coupled receptor signaling pathway",0.00589173639081271
"GO:0032801",0.0034156022358848,4.95763888888889,1.55344603381014,6,22,"receptor catabolic process",0.00589173639081271
"GO:0002714",0.0034156022358848,4.95763888888889,1.55344603381014,6,22,"positive regulation of B cell mediated immunity",0.00589173639081271
"GO:0002891",0.0034156022358848,4.95763888888889,1.55344603381014,6,22,"positive regulation of immunoglobulin mediated immune response",0.00589173639081271
"GO:0051260",0.00342913391256611,1.73093779932081,20.9009102730819,34,296,"protein homooligomerization",0.00589173639081271
"GO:0035556",0.00343248585468307,1.26059386903449,161.34655396619,193,2285,"intracellular signal transduction",0.00589173639081271
"GO:0043065",0.00356342304845203,1.58945040747366,30.5746423927178,46,433,"positive regulation of apoptotic process",0.00609789415282217
"GO:0051047",0.00362779559248533,1.79257541785569,17.8646293888166,30,253,"positive regulation of secretion",0.00618923914717952
"GO:0061626",0.00367670020871125,8.80345040049292,0.706111833550065,4,10,"pharyngeal arch artery morphogenesis",0.00620567044588253
"GO:0034351",0.00367670020871125,8.80345040049292,0.706111833550065,4,10,"negative regulation of glial cell apoptotic process",0.00620567044588253
"GO:0070257",0.00367670020871125,8.80345040049292,0.706111833550065,4,10,"positive regulation of mucus secretion",0.00620567044588253
"GO:0065008",0.00368151674764612,1.26605128205128,150.472431729519,181,2131,"regulation of biological quality",0.00620567044588253
"GO:0030838",0.00370341983904934,3.30965645311049,3.17750325097529,9,45,"positive regulation of actin filament polymerization",0.00622395632652173
"GO:0046394",0.00372901999902137,1.85304167518472,15.6050715214564,27,221,"carboxylic acid biosynthetic process",0.00624832815312211
"GO:0071345",0.00374653840094514,1.48215728052585,43.990767230169,62,623,"cellular response to cytokine stimulus",0.00625310425554711
"GO:0002224",0.0037540839047512,2.85769265845873,4.3778933680104,11,62,"toll-like receptor signaling pathway",0.00625310425554711
"GO:0045595",0.0037852290565364,1.35040816326531,82.3326397919376,106,1166,"regulation of cell differentiation",0.00628638335938051
"GO:0044093",0.00381871159831789,1.35757925626594,78.8020806241873,102,1116,"positive regulation of molecular function",0.00631268005178797
"GO:0032680",0.00382371913723813,2.69576744626456,5.01339401820546,12,71,"regulation of tumor necrosis factor production",0.00631268005178797
"GO:0022407",0.00383470084851063,1.66306469778501,24.2196358907672,38,343,"regulation of cell-cell adhesion",0.00631268005178797
"GO:0006979",0.00385155748005461,1.74821911842474,19.4886866059818,32,276,"response to oxidative stress",0.00632194420195552
"GO:0023056",0.00389908784395813,1.34347473645675,85.0864759427828,109,1205,"positive regulation of signaling",0.00637847243934865
"GO:0051641",0.00390865540244278,1.23494113656977,199.264759427828,233,2822,"cellular localization",0.00637847243934865
"GO:0030033",0.00393688497764893,6.00580270793037,1.1297789336801,5,16,"microvillus assembly",0.00638751078506152
"GO:0006525",0.00393688497764893,6.00580270793037,1.1297789336801,5,16,"arginine metabolic process",0.00638751078506152
"GO:0002696",0.00407661292202577,1.7579066249874,18.7825747724317,31,266,"positive regulation of leukocyte activation",0.00658562812480048
"GO:0002532",0.00408238759423688,3.00988509631632,3.81300390117035,10,54,"production of molecular mediator involved in inflammatory response",0.00658562812480048
"GO:0061082",0.00414580694900828,4.02534552927429,2.1183355006502,7,30,"myeloid leukocyte cytokine production",0.00666775452608929
"GO:0030833",0.00415698372763293,2.15350744002429,9.10884265279584,18,129,"regulation of actin filament polymerization",0.00666775452608929
"GO:0008284",0.00417094068820043,1.3916983260049,64.0443433029909,85,907,"positive regulation of cell population proliferation",0.00667113524845693
"GO:0097746",0.00423228210185843,2.5346472232882,5.71950585175553,13,81,"blood vessel diameter maintenance",0.00671204175590506
"GO:0035150",0.00423228210185843,2.5346472232882,5.71950585175553,13,81,"regulation of tube size",0.00671204175590506
"GO:0035296",0.00423228210185843,2.5346472232882,5.71950585175553,13,81,"regulation of tube diameter",0.00671204175590506
"GO:0019884",0.00426480176274477,2.80254025044723,4.44850455136541,11,63,"antigen processing and presentation of exogenous antigen",0.00673674943246794
"GO:0050867",0.00429693190885205,1.73375912127243,19.6299089726918,32,278,"positive regulation of cell activation",0.00673674943246794
"GO:0032640",0.00430081841683083,2.65065176908752,5.08400520156047,12,72,"tumor necrosis factor production",0.00673674943246794
"GO:0019751",0.00430150649868372,2.34124237930466,7.06111833550065,15,100,"polyol metabolic process",0.00673674943246794
"GO:0051239",0.00430769057848749,1.26006128702758,151.037321196359,181,2139,"regulation of multicellular organismal process",0.00673674943246794
"GO:0002752",0.00438690340716444,3.52850958565244,2.68322496749025,8,38,"cell surface pattern recognition receptor signaling pathway",0.00680393007777845
"GO:0006809",0.00438690340716444,3.52850958565244,2.68322496749025,8,38,"nitric oxide biosynthetic process",0.00680393007777845
"GO:0046209",0.00438690340716444,3.52850958565244,2.68322496749025,8,38,"nitric oxide metabolic process",0.00680393007777845
"GO:0008064",0.00442326007109184,2.0441622167701,10.591677503251,20,150,"regulation of actin polymerization or depolymerization",0.00682404220251087
"GO:0048522",0.00450709986727866,1.20050566962918,295.225357607282,333,4181,"positive regulation of cellular process",0.00682404220251087
"GO:2000145",0.00451396042136491,1.43805309734513,50.3457737321196,69,713,"regulation of cell motility",0.00682404220251087
"GO:0051289",0.00452985409809213,2.41129579375848,6.42561768530559,14,91,"protein homotetramerization",0.00682404220251087
"GO:0001816",0.00454029819267603,1.57430179398585,30.1509752925878,45,427,"cytokine production",0.00682404220251087
"GO:0001933",0.00455285499878734,1.77980895413068,17.3703511053316,29,246,"negative regulation of protein phosphorylation",0.00682404220251087
"GO:0033559",0.00468105642367669,2.9427922346138,3.88361508452536,10,55,"unsaturated fatty acid metabolic process",0.00682404220251087
"GO:0030168",0.00473088278654694,2.31385577486809,7.13172951885566,15,101,"platelet activation",0.00682404220251087
"GO:0003014",0.00473088278654694,2.31385577486809,7.13172951885566,15,101,"renal system process",0.00682404220251087
"GO:0065009",0.00473754148775653,1.27321772860159,131.054356306892,159,1856,"regulation of molecular function",0.00682404220251087
"GO:0009967",0.00488869773398552,1.35201331018279,75.907022106632,98,1075,"positive regulation of signal transduction",0.00682404220251087
"GO:0010647",0.00498160505907088,1.33242112582856,84.8746423927178,108,1202,"positive regulation of cell communication",0.00682404220251087
"GO:0016068",0.00498167201639781,Inf,0.141222366710013,2,2,"type I hypersensitivity",0.00682404220251087
"GO:0042636",0.00498167201639781,Inf,0.141222366710013,2,2,"negative regulation of hair cycle",0.00682404220251087
"GO:0032911",0.00498167201639781,Inf,0.141222366710013,2,2,"negative regulation of transforming growth factor beta1 production",0.00682404220251087
"GO:1902958",0.00498167201639781,Inf,0.141222366710013,2,2,"positive regulation of mitochondrial electron transport, NADH to ubiquinone",0.00682404220251087
"GO:0071877",0.00498167201639781,Inf,0.141222366710013,2,2,"regulation of adenylate cyclase-inhibiting adrenergic receptor signaling pathway",0.00682404220251087
"GO:0008292",0.00498167201639781,Inf,0.141222366710013,2,2,"acetylcholine biosynthetic process",0.00682404220251087
"GO:1903860",0.00498167201639781,Inf,0.141222366710013,2,2,"negative regulation of dendrite extension",0.00682404220251087
"GO:0061872",0.00498167201639781,Inf,0.141222366710013,2,2,"hepatic stellate cell contraction",0.00682404220251087
"GO:0061873",0.00498167201639781,Inf,0.141222366710013,2,2,"regulation of hepatic stellate cell contraction",0.00682404220251087
"GO:0061586",0.00498167201639781,Inf,0.141222366710013,2,2,"positive regulation of transcription by transcription factor localization",0.00682404220251087
"GO:0086096",0.00498167201639781,Inf,0.141222366710013,2,2,"adenylate cyclase-inhibiting adrenergic receptor signaling pathway involved in heart process",0.00682404220251087
"GO:1904387",0.00498167201639781,Inf,0.141222366710013,2,2,"cellular response to L-phenylalanine derivative",0.00682404220251087
"GO:0099156",0.00498167201639781,Inf,0.141222366710013,2,2,"cell-cell signaling via exosome",0.00682404220251087
"GO:0014043",0.00498167201639781,Inf,0.141222366710013,2,2,"negative regulation of neuron maturation",0.00682404220251087
"GO:0014031",0.00498167201639781,Inf,0.141222366710013,2,2,"mesenchymal cell development",0.00682404220251087
"GO:1904799",0.00498167201639781,Inf,0.141222366710013,2,2,"regulation of neuron remodeling",0.00682404220251087
"GO:1904800",0.00498167201639781,Inf,0.141222366710013,2,2,"negative regulation of neuron remodeling",0.00682404220251087
"GO:1900620",0.00498167201639781,Inf,0.141222366710013,2,2,"acetate ester biosynthetic process",0.00682404220251087
"GO:0001810",0.00498167201639781,Inf,0.141222366710013,2,2,"regulation of type I hypersensitivity",0.00682404220251087
"GO:0001812",0.00498167201639781,Inf,0.141222366710013,2,2,"positive regulation of type I hypersensitivity",0.00682404220251087
"GO:0001802",0.00498167201639781,Inf,0.141222366710013,2,2,"type III hypersensitivity",0.00682404220251087
"GO:0001803",0.00498167201639781,Inf,0.141222366710013,2,2,"regulation of type III hypersensitivity",0.00682404220251087
"GO:0001805",0.00498167201639781,Inf,0.141222366710013,2,2,"positive regulation of type III hypersensitivity",0.00682404220251087
"GO:0010813",0.00498167201639781,Inf,0.141222366710013,2,2,"neuropeptide catabolic process",0.00682404220251087
"GO:0005988",0.00498167201639781,Inf,0.141222366710013,2,2,"lactose metabolic process",0.00682404220251087
"GO:0005989",0.00498167201639781,Inf,0.141222366710013,2,2,"lactose biosynthetic process",0.00682404220251087
"GO:0006059",0.00498167201639781,Inf,0.141222366710013,2,2,"hexitol metabolic process",0.00682404220251087
"GO:0140193",0.00498167201639781,Inf,0.141222366710013,2,2,"regulation of adenylate cyclase-inhibiting adrenergic receptor signaling pathway involved in heart process",0.00682404220251087
"GO:0140194",0.00498167201639781,Inf,0.141222366710013,2,2,"negative regulation of adenylate cyclase-inhibiting adrenergic receptor signaling pathway involved in heart process",0.00682404220251087
"GO:0019343",0.00498167201639781,Inf,0.141222366710013,2,2,"cysteine biosynthetic process via cystathionine",0.00682404220251087
"GO:0021551",0.00498167201639781,Inf,0.141222366710013,2,2,"central nervous system morphogenesis",0.00682404220251087
"GO:0015886",0.00498167201639781,Inf,0.141222366710013,2,2,"heme transport",0.00682404220251087
"GO:0015840",0.00498167201639781,Inf,0.141222366710013,2,2,"urea transport",0.00682404220251087
"GO:0097037",0.00498167201639781,Inf,0.141222366710013,2,2,"heme export",0.00682404220251087
"GO:0060158",0.00498167201639781,Inf,0.141222366710013,2,2,"phospholipase C-activating dopamine receptor signaling pathway",0.00682404220251087
"GO:1902178",0.00498167201639781,Inf,0.141222366710013,2,2,"fibroblast growth factor receptor apoptotic signaling pathway",0.00682404220251087
"GO:0045861",0.00500932993819011,1.97924283288383,11.4390117035111,21,162,"negative regulation of proteolysis",0.00682869916513567
"GO:0002440",0.00500932993819011,1.97924283288383,11.4390117035111,21,162,"production of molecular mediator of immune response",0.00682869916513567
"GO:0050829",0.00503461721245172,3.85735248687056,2.1889466840052,7,31,"defense response to Gram-negative bacterium",0.00683009515809715
"GO:0043552",0.00503461721245172,3.85735248687056,2.1889466840052,7,31,"positive regulation of phosphatidylinositol 3-kinase activity",0.00683009515809715
"GO:0060627",0.0051226542161889,1.58879554556999,27.8914174252276,42,395,"regulation of vesicle-mediated transport",0.00693282289354411
"GO:0030832",0.00513898674513874,2.0129057933936,10.732899869961,20,152,"regulation of actin filament length",0.00693824829139834
"GO:2001057",0.0051844518125777,3.41444730384823,2.75383615084525,8,39,"reactive nitrogen species metabolic process",0.00696298716244214
"GO:0002381",0.0051844518125777,3.41444730384823,2.75383615084525,8,39,"immunoglobulin production involved in immunoglobulin-mediated immune response",0.00696298716244214
"GO:0003018",0.00519441315848259,2.287098747545,7.20234070221066,15,102,"vascular process in circulatory system",0.00696298716244214
"GO:1990266",0.00523638658986674,2.4618825722274,5.86072821846554,13,83,"neutrophil migration",0.0069805150350947
"GO:0002115",0.00525708414721164,5.50493370336109,1.20039011703511,5,17,"store-operated calcium entry",0.0069805150350947
"GO:0006622",0.00525708414721164,5.50493370336109,1.20039011703511,5,17,"protein targeting to lysosome",0.0069805150350947
"GO:0070213",0.00525708414721164,5.50493370336109,1.20039011703511,5,17,"protein auto-ADP-ribosylation",0.0069805150350947
"GO:0044255",0.00534555844531824,1.42976270393112,49.8514954486346,68,706,"cellular lipid metabolic process",0.00706604427447942
"GO:0055117",0.00534659833202172,2.87861645385486,3.95422626788036,10,56,"regulation of cardiac muscle contraction",0.00706604427447942
"GO:1903555",0.00539771057610285,2.56478644800865,5.22522756827048,12,74,"regulation of tumor necrosis factor superfamily cytokine production",0.00708036934591023
"GO:0006869",0.00539870932163248,1.75516470284682,17.5821846553966,29,249,"lipid transport",0.00708036934591023
"GO:0051049",0.0054242350625687,1.31988783664122,89.6055916775033,113,1269,"regulation of transport",0.00708036934591023
"GO:0090280",0.00545731749511444,7.5452865064695,0.776723016905072,4,11,"positive regulation of calcium ion import",0.00708036934591023
"GO:0006750",0.00545731749511444,7.5452865064695,0.776723016905072,4,11,"glutathione biosynthetic process",0.00708036934591023
"GO:0001913",0.00545804670714927,4.40617283950617,1.69466840052016,6,24,"T cell mediated cytotoxicity",0.00708036934591023
"GO:0045191",0.00545804670714927,4.40617283950617,1.69466840052016,6,24,"regulation of isotype switching",0.00708036934591023
"GO:0060428",0.00545804670714927,4.40617283950617,1.69466840052016,6,24,"lung epithelium development",0.00708036934591023
"GO:0050870",0.00557572703383977,1.92374851602691,12.2863459037711,22,174,"positive regulation of T cell activation",0.00721410742290357
"GO:0060326",0.00558676880352745,1.83723788149406,14.5459037711313,25,206,"cell chemotaxis",0.00721410742290357
"GO:0023061",0.00561670447637015,1.61963149037875,24.7845253576073,38,351,"signal release",0.00723616617893911
"GO:1902533",0.00567502554432105,1.44573775760254,45.6854356306892,63,647,"positive regulation of intracellular signal transduction",0.00729461045993779
"GO:0060759",0.00574693614821383,2.07801660967269,9.39128738621586,18,133,"regulation of response to cytokine stimulus",0.00732400613443852
"GO:0030334",0.00577599020204741,1.43190557776509,48.2980494148244,66,684,"regulation of cell migration",0.00732400613443852
"GO:0010634",0.00579191646229043,2.12856310782428,8.6851755526658,17,123,"positive regulation of epithelial cell migration",0.00732400613443852
"GO:0009123",0.00579779427593896,3.05442468395115,3.38933680104031,9,48,"nucleoside monophosphate metabolic process",0.00732400613443852
"GO:0032966",0.0059716768477331,13.1957525392428,0.423667100130039,3,6,"negative regulation of collagen biosynthetic process",0.00732400613443852
"GO:0000098",0.0059716768477331,13.1957525392428,0.423667100130039,3,6,"sulfur amino acid catabolic process",0.00732400613443852
"GO:0051643",0.0059716768477331,13.1957525392428,0.423667100130039,3,6,"endoplasmic reticulum localization",0.00732400613443852
"GO:1900407",0.0059716768477331,13.1957525392428,0.423667100130039,3,6,"regulation of cellular response to oxidative stress",0.00732400613443852
"GO:0034154",0.0059716768477331,13.1957525392428,0.423667100130039,3,6,"toll-like receptor 7 signaling pathway",0.00732400613443852
"GO:0009133",0.0059716768477331,13.1957525392428,0.423667100130039,3,6,"nucleoside diphosphate biosynthetic process",0.00732400613443852
"GO:0010713",0.0059716768477331,13.1957525392428,0.423667100130039,3,6,"negative regulation of collagen metabolic process",0.00732400613443852
"GO:0006004",0.0059716768477331,13.1957525392428,0.423667100130039,3,6,"fucose metabolic process",0.00732400613443852
"GO:0002713",0.0059716768477331,13.1957525392428,0.423667100130039,3,6,"negative regulation of B cell mediated immunity",0.00732400613443852
"GO:0002890",0.0059716768477331,13.1957525392428,0.423667100130039,3,6,"negative regulation of immunoglobulin mediated immune response",0.00732400613443852
"GO:0031666",0.0059716768477331,13.1957525392428,0.423667100130039,3,6,"positive regulation of lipopolysaccharide-mediated signaling pathway",0.00732400613443852
"GO:0021561",0.0059716768477331,13.1957525392428,0.423667100130039,3,6,"facial nerve development",0.00732400613443852
"GO:0021610",0.0059716768477331,13.1957525392428,0.423667100130039,3,6,"facial nerve morphogenesis",0.00732400613443852
"GO:0021612",0.0059716768477331,13.1957525392428,0.423667100130039,3,6,"facial nerve structural organization",0.00732400613443852
"GO:0021637",0.0059716768477331,13.1957525392428,0.423667100130039,3,6,"trigeminal nerve structural organization",0.00732400613443852
"GO:0032460",0.0059716768477331,13.1957525392428,0.423667100130039,3,6,"negative regulation of protein oligomerization",0.00732400613443852
"GO:0050793",0.0059898252160373,1.25939750511644,136.491417425228,164,1933,"regulation of developmental process",0.00732400613443852
"GO:0051346",0.00600039851812761,1.80155267295597,15.3932379713914,26,218,"negative regulation of hydrolase activity",0.00732400613443852
"GO:0071706",0.0060238237824601,2.52389819987585,5.29583875162549,12,75,"tumor necrosis factor superfamily cytokine production",0.00732400613443852
"GO:0006790",0.00603332910588082,1.77864415336718,16.1699609882965,27,229,"sulfur compound metabolic process",0.00732400613443852
"GO:0048247",0.0060592650624471,3.70279888785913,2.25955786736021,7,32,"lymphocyte chemotaxis",0.00732400613443852
"GO:0034110",0.0060592650624471,3.70279888785913,2.25955786736021,7,32,"regulation of homotypic cell-cell adhesion",0.00732400613443852
"GO:0097530",0.00607565741516741,2.32038246268657,6.63745123537061,14,94,"granulocyte migration",0.00732400613443852
"GO:0007589",0.00608390360502639,2.81717155738353,4.02483745123537,10,57,"body fluid secretion",0.00732400613443852
"GO:0061462",0.00608816140482634,3.30751391465677,2.82444733420026,8,40,"protein localization to lysosome",0.00732400613443852
"GO:0002448",0.00608816140482634,3.30751391465677,2.82444733420026,8,40,"mast cell mediated immunity",0.00732400613443852
"GO:0045926",0.00611800001877539,1.87577119969527,13.1336801040312,23,186,"negative regulation of growth",0.00734420897776236
"GO:0070373",0.00613486953999546,2.64911627906977,4.66033810143043,11,66,"negative regulation of ERK1 and ERK2 cascade",0.00734879053407967
"GO:0048523",0.00622829751596934,1.19788886397801,265.99232769831,301,3767,"negative regulation of cellular process",0.00744486518363214
"GO:0050777",0.00629482002969195,2.16608811748999,8.04967490247074,16,114,"negative regulation of immune response",0.00750843999304357
"GO:0071216",0.00638922582283381,1.96775762629421,10.944733420026,20,155,"cellular response to biotic stimulus",0.00759197871272673
"GO:0072659",0.00639182577234897,1.74954959752212,17.0172951885566,28,241,"protein localization to plasma membrane",0.00759197871272673
"GO:0030595",0.00656708771685505,2.00229095074456,10.2386215864759,19,145,"leukocyte chemotaxis",0.00778372712545136
"GO:0002886",0.00666793578672371,2.97785515320334,3.45994798439532,9,49,"regulation of myeloid leukocyte mediated immunity",0.00788665514270052
"GO:0071621",0.00670606230538487,2.48428770949721,5.36644993498049,12,76,"granulocyte chemotaxis",0.0079151217566702
"GO:0001959",0.00680848168081092,2.08885077781242,8.82639791937581,17,125,"regulation of cytokine-mediated signaling pathway",0.00796560407188707
"GO:0048878",0.00683469401102669,1.40825599511501,51.2637191157347,69,726,"chemical homeostasis",0.00796560407188707
"GO:0043031",0.00686202126974286,5.08112146872554,1.27100130039012,5,18,"negative regulation of macrophage activation",0.00796560407188707
"GO:1903715",0.00686202126974286,5.08112146872554,1.27100130039012,5,18,"regulation of aerobic respiration",0.00796560407188707
"GO:0034114",0.00686202126974286,5.08112146872554,1.27100130039012,5,18,"regulation of heterotypic cell-cell adhesion",0.00796560407188707
"GO:0035767",0.00686202126974286,5.08112146872554,1.27100130039012,5,18,"endothelial cell chemotaxis",0.00796560407188707
"GO:0002823",0.00686202126974286,5.08112146872554,1.27100130039012,5,18,"negative regulation of adaptive immune response based on somatic recombination of immune receptors built from immunoglobulin superfamily domains",0.00796560407188707
"GO:0042219",0.00686202126974286,5.08112146872554,1.27100130039012,5,18,"cellular modified amino acid catabolic process",0.00796560407188707
"GO:0055080",0.00687778684987859,1.53303828736105,30.8570871261378,45,437,"monoatomic cation homeostasis",0.00796747735901573
"GO:0040012",0.00691898189272153,1.40045494059693,53.0289986996099,71,751,"regulation of locomotion",0.00799874087392653
"GO:0050801",0.00693857952276692,1.524589616339,31.7044213263979,46,449,"monoatomic ion homeostasis",0.00800495957237249
"GO:0010876",0.0069658169238811,1.68495599187542,19.4886866059818,31,276,"lipid localization",0.008019948728313
"GO:0062197",0.00705398604033996,1.82327683615819,14.0516254876463,24,199,"cellular response to chemical stress",0.00810488600145183
"GO:0070661",0.00711913332862695,1.79700435591105,14.8283485045514,25,210,"leukocyte proliferation",0.00816307956011604
"GO:0046649",0.0071359726237436,1.47656905453372,37.6357607282185,53,533,"lymphocyte activation",0.00816575729099116
"GO:0090218",0.00723171149869207,3.56013402723319,2.33016905071521,7,33,"positive regulation of lipid kinase activity",0.00822515873487603
"GO:1990874",0.00723171149869207,3.56013402723319,2.33016905071521,7,33,"vascular associated smooth muscle cell proliferation",0.00822515873487603
"GO:1904705",0.00723171149869207,3.56013402723319,2.33016905071521,7,33,"regulation of vascular associated smooth muscle cell proliferation",0.00822515873487603
"GO:0006793",0.00727134466136445,1.24623584042778,143.693758127438,171,2035,"phosphorus metabolic process",0.00825356258941166
"GO:0006959",0.00732238364792889,2.26346923917,6.77867360208062,14,96,"humoral immune response",0.00829477262330778
"GO:0050830",0.0076348064467471,2.90502072151641,3.53055916775032,9,50,"defense response to Gram-positive bacterium",0.00853695549891331
"GO:0043112",0.0076348064467471,2.90502072151641,3.53055916775032,9,50,"receptor metabolic process",0.00853695549891331
"GO:0031400",0.00770644146876377,1.5834088740458,25.2788036410923,38,358,"negative regulation of protein modification process",0.00853695549891331
"GO:1903541",0.00773329894217724,6.60166358595194,0.847334200260078,4,12,"regulation of exosomal secretion",0.00853695549891331
"GO:1903543",0.00773329894217724,6.60166358595194,0.847334200260078,4,12,"positive regulation of exosomal secretion",0.00853695549891331
"GO:0061549",0.00773329894217724,6.60166358595194,0.847334200260078,4,12,"sympathetic ganglion development",0.00853695549891331
"GO:0034350",0.00773329894217724,6.60166358595194,0.847334200260078,4,12,"regulation of glial cell apoptotic process",0.00853695549891331
"GO:0048925",0.00773329894217724,6.60166358595194,0.847334200260078,4,12,"lateral line system development",0.00853695549891331
"GO:0002468",0.00773329894217724,6.60166358595194,0.847334200260078,4,12,"dendritic cell antigen processing and presentation",0.00853695549891331
"GO:0031664",0.00773329894217724,6.60166358595194,0.847334200260078,4,12,"regulation of lipopolysaccharide-mediated signaling pathway",0.00853695549891331
"GO:0006590",0.00773329894217724,6.60166358595194,0.847334200260078,4,12,"thyroid hormone generation",0.00853695549891331
"GO:0002604",0.00773329894217724,6.60166358595194,0.847334200260078,4,12,"regulation of dendritic cell antigen processing and presentation",0.00853695549891331
"GO:0070255",0.00773329894217724,6.60166358595194,0.847334200260078,4,12,"regulation of mucus secretion",0.00853695549891331
"GO:0043124",0.00779389294912027,2.70180562931492,4.16605981794538,10,59,"negative regulation of canonical NF-kappaB signal transduction",0.00858700925705423
"GO:0051928",0.00781341000426989,2.3281529432508,6.14317295188557,13,87,"positive regulation of calcium ion transport",0.00859169889141396
"GO:0007015",0.00784188571617024,1.54391881194389,28.5975292587776,42,405,"actin filament organization",0.00860620206277552
"GO:0032943",0.00796167943295561,1.8024194835456,14.1928478543563,24,201,"mononuclear cell proliferation",0.00870874020508088
"GO:0042110",0.00796625436166368,1.56005054062818,26.9734720416125,40,382,"T cell activation",0.00870874020508088
"GO:0051251",0.00800027960569269,1.73506589481463,16.5230169050715,27,234,"positive regulation of lymphocyte activation",0.00872898724419571
"GO:0006081",0.00824838301203696,3.11251773436647,2.96566970091027,8,42,"cellular aldehyde metabolic process",0.0089347862012396
"GO:0002495",0.00824838301203696,3.11251773436647,2.96566970091027,8,42,"antigen processing and presentation of peptide antigen via MHC class II",0.0089347862012396
"GO:0019886",0.00824838301203696,3.11251773436647,2.96566970091027,8,42,"antigen processing and presentation of exogenous peptide antigen via MHC class II",0.0089347862012396
"GO:0043648",0.00825237801890692,2.4086676824107,5.50767230169051,12,78,"dicarboxylic acid metabolic process",0.0089347862012396
"GO:0030003",0.00830985827296564,1.55539079876693,27.0440832249675,40,383,"intracellular monoatomic cation homeostasis",0.00897975087846383
"GO:0002819",0.00839799141406281,1.99073033707865,9.7443433029909,18,138,"regulation of adaptive immune response",0.00905760376650836
"GO:1903532",0.00845093544153445,1.72660165613423,16.5936280884265,27,235,"positive regulation of secretion by cell",0.00909727849633632
"GO:0009893",0.00852659133428536,1.21780006176328,180.835240572172,210,2561,"positive regulation of metabolic process",0.00916120404809668
"GO:0032941",0.00856395249603342,3.42803693406103,2.40078023407022,7,34,"secretion by tissue",0.00918381953384155
"GO:0060429",0.00864425761072532,1.35101000030212,64.1149544863459,83,908,"epithelium development",0.00923612111415867
"GO:0031348",0.00864553432888387,1.8719160601191,12.0039011703511,21,170,"negative regulation of defense response",0.00923612111415867
"GO:0030888",0.00870497756448338,2.83565459610028,3.60117035110533,9,51,"regulation of B cell proliferation",0.00928201206212906
"GO:0060713",0.00878030723903456,4.71785383903793,1.34161248374512,5,19,"labyrinthine layer morphogenesis",0.0093270056142952
"GO:0050869",0.00878030723903456,4.71785383903793,1.34161248374512,5,19,"negative regulation of B cell activation",0.0093270056142952
"GO:0002700",0.00880398847325881,2.13864040239752,7.6260078023407,15,108,"regulation of production of molecular mediator of immune response",0.00933454898388834
"GO:0019216",0.00885197372340765,1.70089166256657,17.4409622886866,28,247,"regulation of lipid metabolic process",0.00935461983378049
"GO:0030036",0.00885614986039965,1.42362407200033,44.0613784135241,60,624,"actin cytoskeleton organization",0.00935461983378049
"GO:0043588",0.00890422454065384,1.80840759934761,13.5573472041612,23,192,"skin development",0.00937166220581955
"GO:0051258",0.00892222192241435,1.71821841495317,16.6642392717815,27,236,"protein polymerization",0.00937166220581955
"GO:0046777",0.00892222192241435,1.71821841495317,16.6642392717815,27,236,"protein autophosphorylation",0.00937166220581955
"GO:0044092",0.00906766303962513,1.4017153464839,48.4392717815345,65,686,"negative regulation of molecular function",0.00950669327990494
"GO:0009056",0.00911050123119879,1.24174257646391,138.044863459038,164,1955,"catabolic process",0.00952956834225955
"GO:0050729",0.00912333452305132,2.37255065454849,5.57828348504551,12,79,"positive regulation of inflammatory response",0.00952956834225955
"GO:0048519",0.00916116382856759,1.18245159610129,283.292067620286,317,4012,"negative regulation of biological process",0.00955136154719176
"GO:0043269",0.00922559882310477,1.52665288609101,28.8799739921977,42,409,"regulation of monoatomic ion transport",0.00960076180666911
"GO:1903039",0.00936509907957644,1.8265272556391,12.8512353706112,22,182,"positive regulation of leukocyte cell-cell adhesion",0.00970058795226108
"GO:0008154",0.00936509907957644,1.8265272556391,12.8512353706112,22,182,"actin polymerization or depolymerization",0.00970058795226108
"GO:0009913",0.00937321464658975,1.92518797799352,10.591677503251,19,150,"epidermal cell differentiation",0.00970058795226108
"GO:0006873",0.00941562125107664,1.54157318272748,27.2559167750325,40,386,"intracellular monoatomic ion homeostasis",0.0097248567641268
"GO:0006906",0.00943121100037875,2.26656692990631,6.28439531859558,13,89,"vesicle fusion",0.0097248567641268
"GO:0007162",0.00947489717368663,1.72850943396226,15.9581274382315,26,226,"negative regulation of cell adhesion",0.00972961866688507
"GO:0044282",0.00947489717368663,1.72850943396226,15.9581274382315,26,226,"small molecule catabolic process",0.00972961866688507
"GO:0006796",0.00950509461430572,1.23713213117314,141.928478543563,168,2010,"phosphate-containing compound metabolic process",0.00972961866688507
"GO:0071357",0.00952223780720013,3.02337662337662,3.03628088426528,8,43,"cellular response to type I interferon",0.00972961866688507
"GO:0060337",0.00952223780720013,3.02337662337662,3.03628088426528,8,43,"type I interferon-mediated signaling pathway",0.00972961866688507
"GO:0050764",0.00956541284542134,2.4688214426488,4.94278283485045,11,70,"regulation of phagocytosis",0.0097560279564714
"GO:0070727",0.00978706789690553,1.2345478432436,143.905591677503,170,2038,"cellular macromolecule localization",0.009922189075426
"GO:0046173",0.00985201470782669,2.59548800933013,4.3072821846554,10,61,"polyol biosynthetic process",0.009922189075426
"GO:0048671",0.0099045652937645,9.89612188365651,0.494278283485045,3,7,"negative regulation of collateral sprouting",0.009922189075426
"GO:0009265",0.0099045652937645,9.89612188365651,0.494278283485045,3,7,"2'-deoxyribonucleotide biosynthetic process",0.009922189075426
"GO:1901725",0.0099045652937645,9.89612188365651,0.494278283485045,3,7,"regulation of histone deacetylase activity",0.009922189075426
"GO:0021877",0.0099045652937645,9.89612188365651,0.494278283485045,3,7,"forebrain neuron fate commitment",0.009922189075426
"GO:0021902",0.0099045652937645,9.89612188365651,0.494278283485045,3,7,"commitment of neuronal cell to specific neuron type in forebrain",0.009922189075426
"GO:0046385",0.0099045652937645,9.89612188365651,0.494278283485045,3,7,"deoxyribose phosphate biosynthetic process",0.009922189075426
"GO:0036446",0.0099045652937645,9.89612188365651,0.494278283485045,3,7,"myofibroblast differentiation",0.009922189075426
"GO:0106070",0.0099045652937645,9.89612188365651,0.494278283485045,3,7,"regulation of adenylate cyclase-activating G protein-coupled receptor signaling pathway",0.009922189075426
"GO:0046883",0.00995858882100519,1.81505393919582,12.9218465539662,22,183,"regulation of hormone secretion",0.00995858882100519
