GOBPID,Pvalue,OddsRatio,ExpCount,Count,Size,Term,FDR
GO:0009653,4.67719085470563e-19,2.73801153537818,65.5461638491548,138,2372,anatomical structure morphogenesis,2.30117790051517e-16
GO:0032502,1.99048222187005e-16,2.25046099046237,146.649869960988,228,5307,developmental process,4.89658626580033e-14
GO:0048856,7.25808650178254e-16,2.22281646028244,138.000650195059,217,4994,anatomical structure development,1.19032618629234e-13
GO:0009888,2.80385605570766e-15,2.75460122699387,43.7711313394018,99,1584,tissue development,3.44874294852042e-13
GO:0048646,8.32904354431508e-15,3.17111371063577,27.3845903771131,73,991,anatomical structure formation involved in morphogenesis,8.19577884760604e-13
GO:0048513,5.11430137090308e-14,2.35662735357465,68.0607932379714,129,2463,animal organ development,4.19372712414052e-12
GO:0030154,1.85570070798746e-13,2.1749811097222,93.4834200260078,159,3383,cell differentiation,1.14125593541229e-11
GO:0048869,1.85570070798746e-13,2.1749811097222,93.4834200260078,159,3383,cellular developmental process,1.14125593541229e-11
GO:0048731,1.2812683267212e-12,2.1302616837388,90.5542912873862,153,3277,system development,7.00426685274256e-11
GO:0007275,5.7803675496819e-12,2.01096794532807,116.363784135241,181,4211,multicellular organism development,2.84394083444349e-10
GO:0032501,1.9682407645633e-11,1.92955325060498,161.240247074122,228,5835,multicellular organismal process,8.80340414695586e-10
GO:0061061,1.48533033714846e-10,3.40187344926712,14.424577373212,43,522,muscle structure development,6.08985438230867e-09
GO:0009887,7.32263049101983e-10,2.67167523903091,25.1462938881665,59,910,animal organ morphogenesis,2.77133400121674e-08
GO:0035295,1.36096267061865e-09,2.64559232790637,24.8975942782835,58,901,tube development,4.19351267809935e-08
GO:0072359,1.3612491186026e-09,2.53990402064766,28.24122236671,63,1022,circulatory system development,4.19351267809935e-08
GO:0031032,1.36374396035751e-09,5.05479159244745,5.49902470741222,24,199,actomyosin structure organization,4.19351267809935e-08
GO:0048729,1.86983105902158e-09,3.05930600586691,16.2483745123537,44,588,tissue morphogenesis,5.41151106493305e-08
GO:0007167,2.43275679668544e-09,2.69614266712646,22.6592977893368,54,820,enzyme-linked receptor protein signaling pathway,6.64953524427353e-08
GO:0035239,5.13714151566413e-09,2.71184611477908,21.194733420026,51,767,tube morphogenesis,1.33024927668777e-07
GO:0030239,1.20820585120981e-08,7.00951483194391,2.73569570871261,16,99,myofibril assembly,2.97218639397614e-07
GO:0055002,1.87895853788192e-08,6.76363222835049,2.8185955786736,16,102,striated muscle cell development,4.40213143160906e-07
GO:0006936,3.34785242712424e-08,3.92873577386088,7.46098829648895,26,270,muscle contraction,7.48701542793239e-07
GO:0010927,4.74740347201049e-08,5.46744471744472,3.81339401820546,18,138,cellular component assembly involved in morphogenesis,1.01553152531703e-06
GO:0051146,6.35770416719806e-08,3.91489361702128,7.18465539661899,25,260,striated muscle cell differentiation,1.3033293542756e-06
GO:0003008,6.64250113926351e-08,2.16948884317139,36.3654096228869,70,1316,system process,1.30724422420706e-06
GO:0003012,7.85474294511523e-08,3.44827698203904,9.39531859557867,29,340,muscle system process,1.48635904961411e-06
GO:0007517,1.0693900759259e-07,3.68295739348371,7.90312093628088,26,286,muscle organ development,1.94866636057609e-06
GO:0001525,1.19866967819304e-07,3.03159211761026,12.4626137841352,34,451,angiogenesis,2.10623386311063e-06
GO:0045214,1.43276675947123e-07,7.458622283865,2.1001300390117,13,76,sarcomere organization,2.43076291606843e-06
GO:0055001,1.70714315768139e-07,4.48140574111944,5.05689206762029,20,183,muscle cell development,2.79845322398918e-06
GO:0048514,1.76325304763546e-07,2.78677855449455,15.1154096228869,38,547,blood vessel morphogenesis,2.79845322398918e-06
GO:0001568,1.86953425560177e-07,2.66537814670139,17.0497399219766,41,617,blood vessel development,2.87440891798772e-06
GO:0001944,2.37745902531483e-07,2.60552798575208,17.8511053315995,42,646,vasculature development,3.54457527410575e-06
GO:0007169,3.64980696536642e-07,2.69885566629753,15.5575422626788,38,563,transmembrane receptor protein tyrosine kinase signaling pathway,5.28148537341259e-06
GO:0042692,3.76871154025253e-07,3.33664125999123,8.98081924577373,27,325,muscle cell differentiation,5.29773165086928e-06
GO:0060537,5.22855728326482e-07,3.19498405221826,9.69928478543563,28,351,muscle tissue development,7.14569495379526e-06
GO:0071363,8.07749765596008e-07,2.68102271380808,14.7838101430429,36,535,cellular response to growth factor stimulus,1.07408887749523e-05
GO:0030334,1.08062438734779e-06,2.44481589029062,18.9011703511053,42,684,regulation of cell migration,1.39912420677662e-05
GO:0050793,1.17634785535489e-06,1.85549202673036,53.4151495448635,88,1933,regulation of developmental process,1.48400806367848e-05
GO:0070848,1.45425108374644e-06,2.57028615473552,15.8062418725618,37,572,response to growth factor,1.78872883300812e-05
GO:0007166,1.64788149774473e-06,1.79713392338796,60.3787386215865,96,2185,cell surface receptor signaling pathway,1.97745779729368e-05
GO:2000145,3.12224920834276e-06,2.33441377780718,19.7025357607282,42,713,regulation of cell motility,3.65749192977295e-05
GO:0071495,3.42173978319784e-06,2.0554135205775,30.5347854356307,57,1105,cellular response to endogenous stimulus,3.91510691472869e-05
GO:0007507,4.06918468870843e-06,2.51630570077172,15.1983094928479,35,550,heart development,4.55008833373761e-05
GO:0023057,4.75411130534848e-06,2.04320317864687,30.1202860858257,56,1090,negative regulation of signaling,5.0848320918075e-05
GO:0010648,4.75411130534848e-06,2.04320317864687,30.1202860858257,56,1090,negative regulation of cell communication,5.0848320918075e-05
GO:0048585,5.25922254164285e-06,1.9762970135083,33.9889466840052,61,1230,negative regulation of response to stimulus,5.50539891593251e-05
GO:0090287,5.63160159101474e-06,3.63669950738916,5.77535760728219,19,209,regulation of cellular response to growth factor stimulus,5.77239163079011e-05
GO:0033275,6.4418774432698e-06,12.5053827751196,0.746098829648895,7,27,actin-myosin filament sliding,6.46817082058927e-05
GO:0048598,8.1881890378427e-06,2.50096383522608,14.369310793238,33,520,embryonic morphogenesis,8.05717801323722e-05
GO:0048522,8.68115133509168e-06,1.57480431319125,115.534785435631,156,4181,positive regulation of cellular process,8.37475775855903e-05
GO:0070371,9.0724821429395e-06,3.50581380810682,5.96879063719116,19,216,ERK1 and ERK2 cascade,8.54595482386602e-05
GO:0048518,9.20600824522153e-06,1.5584137991573,127.638166449935,169,4619,positive regulation of biological process,8.54595482386602e-05
GO:0009968,1.07235934218656e-05,2.03233914209115,27.9648894668401,52,1012,negative regulation of signal transduction,9.77038511769978e-05
GO:0040012,1.12144951765614e-05,2.20341966584054,20.7526007802341,42,751,regulation of locomotion,0.000100318756852149
GO:0016477,1.17573891869978e-05,1.95031197816274,32.5796488946684,58,1179,cell migration,0.000103297062142909
GO:0051239,1.248102920837e-05,1.71707902554266,59.1076072821847,91,2139,regulation of multicellular organismal process,0.000107730988956457
GO:0001667,1.40361338796736e-05,2.75950746431296,10.2519505851756,26,371,ameboidal-type cell migration,0.000119065135668955
GO:0070372,1.70544866737181e-05,3.47386167598934,5.6924577373212,18,206,regulation of ERK1 and ERK2 cascade,0.000142217075313039
GO:0050789,1.87517341723131e-05,1.53596821096543,245.632314694408,287,8889,regulation of biological process,0.000153764220212967
GO:0060070,2.07855400418738e-05,3.28589021815623,6.32802340702211,19,229,canonical Wnt signaling pathway,0.000164431583196652
GO:0072338,2.09561194396757e-05,Inf,0.0828998699609883,3,3,lactam metabolic process,0.000164431583196652
GO:0008543,2.10552637020104e-05,5.98192771084337,1.93433029908973,10,70,fibroblast growth factor receptor signaling pathway,0.000164431583196652
GO:0048468,2.3418866354541e-05,1.67227153872594,62.5894018205462,94,2265,cell development,0.000179285409964057
GO:0032989,2.36860805846824e-05,2.12768443287181,21.415799739922,42,775,cellular component morphogenesis,0.000179285409964057
GO:0030036,2.54448115644908e-05,2.26121399716699,17.2431729518856,36,624,actin cytoskeleton organization,0.00018967950438984
GO:0044344,2.97913836190565e-05,5.13388543823326,2.43172951885566,11,88,cellular response to fibroblast growth factor stimulus,0.000216266965302109
GO:0065007,3.00342677098553e-05,1.52643969156909,254.088101430429,294,9195,biological regulation,0.000216266965302109
GO:0061138,3.03301231826128e-05,3.8164720027482,4.33842652795839,15,157,morphogenesis of a branching epithelium,0.000216266965302109
GO:0030029,3.08050121063226e-05,2.16432716284345,19.5091027308192,39,706,actin filament-based process,0.000216515227947296
GO:2000026,3.14302435218521e-05,1.9196642747178,30.6176853055917,54,1108,regulation of multicellular organismal development,0.000217798307221848
GO:0051094,3.20956422898339e-05,1.96782578152441,27.6056566970091,50,999,positive regulation of developmental process,0.000219320222313865
GO:0048880,3.2947361063383e-05,2.67050438596491,10.1414174252276,25,367,sensory system development,0.000222056186892937
GO:0007267,3.57883335501833e-05,1.88740604387176,32.3033159947984,56,1169,cell-cell signaling,0.000237944055495813
GO:0050678,3.98613398767219e-05,3.01500947697352,7.21228868660598,20,261,regulation of epithelial cell proliferation,0.000261490389591296
GO:0009719,4.32362263394036e-05,1.83427998663548,35.646944083225,60,1290,response to endogenous stimulus,0.000279662932144169
GO:0022618,4.376838572175e-05,3.6854156296665,4.47659297789337,15,162,protein-RNA complex assembly,0.000279662932144169
GO:0030049,4.87083940128761e-05,11.256877276724,0.690832249674902,6,25,muscle filament sliding,0.00030420837694833
GO:0002455,4.88464670303213e-05,8.61920475169114,0.99479843953186,7,36,humoral immune response mediated by circulating immunoglobulin,0.00030420837694833
GO:0071774,5.01488851334096e-05,4.81922351832214,2.56989596879064,11,93,response to fibroblast growth factor,0.000308415643570469
GO:0048519,5.1067658041371e-05,1.51724105838227,110.864759427828,147,4012,negative regulation of biological process,0.000310188737732772
GO:0060485,5.20820560163015e-05,3.16645595286372,6.18985695708713,18,224,mesenchyme development,0.000312492336097809
GO:0150063,5.33061366499104e-05,2.64426546925737,9.80981794538362,24,355,visual system development,0.000315983364238023
GO:0040011,5.64450082534287e-05,1.98989661654135,24.4554616384915,45,885,locomotion,0.00033060647691294
GO:0050794,5.7949736513541e-05,1.48318955531025,232.810468140442,272,8425,regulation of cellular process,0.000335426710172496
GO:0072006,5.870344622772e-05,4.03638684298627,3.5646944083225,13,129,nephron development,0.000335838320279514
GO:0007492,6.18372216108386e-05,5.86101398601399,1.76853055916775,9,64,endoderm development,0.000347662753319342
GO:0071826,6.21835818945164e-05,3.56298138639281,4.61475942782835,15,167,protein-RNA complex organization,0.000347662753319342
GO:0030178,6.88919146297046e-05,3.96743870330755,3.61996098829649,13,131,negative regulation of Wnt signaling pathway,0.000380840696604659
GO:0030111,7.86372638609946e-05,2.85817050646447,7.57152145643693,20,274,regulation of Wnt signaling pathway,0.000425835468265836
GO:0072001,7.87622512442909e-05,2.77479747974797,8.17945383615085,21,296,renal system development,0.000425835468265836
GO:0003013,8.1325456174925e-05,2.51239669421488,10.7217165149545,25,388,circulatory system process,0.000431806237646358
GO:0018108,8.20580517571832e-05,3.04643045764541,6.4109232769831,18,232,peptidyl-tyrosine phosphorylation,0.000431806237646358
GO:0048870,8.24995657291822e-05,1.79559869775034,35.674577373212,59,1291,cell motility,0.000431806237646358
GO:0030324,8.7042825212456e-05,3.86829013881088,3.70286085825748,13,134,lung development,0.000448450510797255
GO:0009790,8.75025386921473e-05,1.9342550731047,25.6713263979194,46,929,embryo development,0.000448450510797255
GO:0018212,9.15989611773074e-05,3.01781326781327,6.46618985695709,18,234,peptidyl-tyrosine modification,0.00046232758946652
GO:0001763,9.29704336250223e-05,3.42628897807965,4.78055916775032,15,173,morphogenesis of a branching structure,0.00046232758946652
GO:0060828,9.33789522718857e-05,3.26617214371555,5.33322496749025,16,193,regulation of canonical Wnt signaling pathway,0.00046232758946652
GO:0001654,9.39690222492927e-05,2.6000355366027,9.53348504551365,23,345,eye development,0.00046232758946652
GO:0016055,9.96613731070459e-05,2.47741168478261,10.8598829648895,25,393,Wnt signaling pathway,0.000485479164046204
GO:0001822,0.000100793270680007,2.80204013537347,7.70968790637191,20,279,kidney development,0.000486039793499739
GO:0048523,0.000101752233192019,1.5006754531585,104.094603381014,138,3767,negative regulation of cellular process,0.000486039793499739
GO:0031327,0.000103971045282854,1.71941645228563,42.417100130039,67,1535,negative regulation of cellular biosynthetic process,0.000490288637829897
GO:0030335,0.000104634770268576,2.42083525139379,11.5507152145644,26,418,positive regulation of cell migration,0.000490288637829897
GO:0060538,0.000109194570615981,3.77393908549953,3.78576072821847,13,137,skeletal muscle organ development,0.000506827629651535
GO:0090130,0.000110611957188459,2.86930418719212,7.15702210663199,19,259,tissue migration,0.000508608251745063
GO:0050673,0.000120233924508455,2.68521649700181,8.42815344603381,21,305,epithelial cell proliferation,0.000543919375338373
GO:0009890,0.000121250650788082,1.70908275423536,42.638166449935,67,1543,negative regulation of biosynthetic process,0.000543919375338373
GO:0198738,0.000121607990421181,2.44336461126005,10.9980494148244,25,398,cell-cell signaling by wnt,0.000543919375338373
GO:0030323,0.000126530808995426,3.71353444290337,3.84102730819246,13,139,respiratory tube development,0.00056083926149324
GO:0090090,0.000128191296921079,4.292506826297,2.8462288686606,11,103,negative regulation of canonical Wnt signaling pathway,0.000563126054331885
GO:0014706,0.000135110202388499,3.02791461412151,6.07932379713914,17,220,striated muscle tissue development,0.000588267429868507
GO:0008015,0.000146651712813379,2.46145200379333,10.4730169050715,24,379,blood circulation,0.000628224263086879
GO:0022008,0.00014684103710364,1.70902340408988,41.2841352405722,65,1494,neurogenesis,0.000628224263086879
GO:0007369,0.000153425826101328,3.43135210288495,4.44895968790637,14,161,gastrulation,0.000650653307280906
GO:0051253,0.000155246704289491,1.86867758893482,27.0806241872562,47,980,negative regulation of RNA metabolic process,0.000650653307280906
GO:0042127,0.000156559983060441,1.67985880609807,44.6553966189857,69,1616,regulation of cell population proliferation,0.000650653307280906
GO:0010558,0.000158494819711224,1.70374893386059,41.3946684005202,65,1498,negative regulation of macromolecule biosynthetic process,0.000650653307280906
GO:2000147,0.000158695928605099,2.35297922224917,11.8546814044213,26,429,positive regulation of cell motility,0.000650653307280906
GO:0050680,0.000165935273566406,4.15611492499364,2.92912873862159,11,106,negative regulation of epithelial cell proliferation,0.000674712021443567
GO:0002009,0.000168061096055532,2.30257009345794,12.5731469440832,27,455,morphogenesis of an epithelium,0.0006777545840928
GO:0040036,0.000173096293720027,11.8571428571429,0.552665799739922,5,20,regulation of fibroblast growth factor receptor signaling pathway,0.000692385174880109
GO:0070374,0.000178652692198884,3.81632346954081,3.45416124837451,12,125,positive regulation of ERK1 and ERK2 cascade,0.000708847778724603
GO:0006816,0.000187052007867797,2.5289600150768,9.34005201560468,22,338,calcium ion transport,0.000736236702967649
GO:0007411,0.000190416046523727,2.83142826621087,6.85305591677503,18,248,axon guidance,0.000737674762910817
GO:0097485,0.000190416046523727,2.83142826621087,6.85305591677503,18,248,neuron projection guidance,0.000737674762910817
GO:0048754,0.000192629080697188,3.78259207340385,3.48179453836151,12,126,branching morphogenesis of an epithelial tube,0.000740418028929815
GO:0044057,0.000197649429777884,2.31750525457899,12.0204811443433,26,435,regulation of system process,0.000751759218978938
GO:0043542,0.00019863556599037,3.3395530204154,4.55949284785436,14,165,endothelial cell migration,0.000751759218978938
GO:0010511,0.00020102900924391,53.1504739336493,0.13816644993498,3,5,regulation of phosphatidylinositol biosynthetic process,0.000755009714106899
GO:0048738,0.000210608282619618,3.02389943547664,5.72009102730819,16,207,cardiac muscle tissue development,0.00078499450794585
GO:0045595,0.000224148732935075,1.77188940092166,32.2204161248374,53,1166,regulation of cell differentiation,0.00082918177897787
GO:0040017,0.000244881314591297,2.28305704019084,12.1862808842653,26,441,positive regulation of locomotion,0.000894983535142472
GO:0010605,0.00024557475049641,1.60617618805447,52.8901170351105,78,1914,negative regulation of macromolecule metabolic process,0.000894983535142472
GO:0010631,0.000255608921587415,2.75831841086078,7.01885565669701,18,254,epithelial cell migration,0.000924702863389764
GO:0090132,0.000281291374491708,2.73476761712056,7.074122236671,18,256,epithelium migration,0.00101018508211621
GO:0007519,0.000297632331052418,3.59200968523002,3.64759427828348,12,132,skeletal muscle tissue development,0.0010575913239965
GO:0001501,0.000298791044787629,2.2918765743073,11.6612483745124,25,422,skeletal system development,0.0010575913239965
GO:0048762,0.000310767092039278,3.03720197314333,5.33322496749025,15,193,mesenchymal cell differentiation,0.00109212435202375
GO:0006959,0.000316465598610149,4.16615298402914,2.65279583875163,10,96,humoral immune response,0.00110426293983116
GO:0006956,0.000323894537524458,6.09160928929863,1.32639791937581,7,48,complement activation,0.00112222614409883
GO:0001732,0.000337133342195895,15.778305621536,0.359232769830949,4,13,formation of cytoplasmic translation initiation complex,0.00115381964401857
GO:0010562,0.000340048472322546,2.07243942501322,15.9720416124837,31,578,positive regulation of phosphorus metabolic process,0.00115381964401857
GO:0045937,0.000340048472322546,2.07243942501322,15.9720416124837,31,578,positive regulation of phosphate metabolic process,0.00115381964401857
GO:0090329,0.000353374596310559,7.37025759196774,0.967165149544863,6,35,regulation of DNA-templated DNA replication,0.00119082398208764
GO:0140694,0.000356354042956507,2.40445155311071,9.78218465539662,22,354,non-membrane-bounded organelle assembly,0.00119269516418096
GO:0045892,0.000364325251192248,1.84035361572381,25.0081274382315,43,905,negative regulation of DNA-templated transcription,0.00120437205936216
GO:0048736,0.000364738692774311,3.13001163651751,4.83582574772432,14,175,appendage development,0.00120437205936216
GO:0007015,0.000391294512912408,2.28939462367703,11.1914824447334,24,405,actin filament organization,0.00121095029184866
GO:0034285,0.000393804972958912,35.4312796208531,0.165799739921977,3,6,response to disaccharide,0.00121095029184866
GO:2000589,0.000393804972958912,35.4312796208531,0.165799739921977,3,6,regulation of metanephric mesenchymal cell migration,0.00121095029184866
GO:0009744,0.000393804972958912,35.4312796208531,0.165799739921977,3,6,response to sucrose,0.00121095029184866
GO:0035787,0.000393804972958912,35.4312796208531,0.165799739921977,3,6,cell migration involved in kidney development,0.00121095029184866
GO:0035788,0.000393804972958912,35.4312796208531,0.165799739921977,3,6,cell migration involved in metanephros development,0.00121095029184866
GO:0035789,0.000393804972958912,35.4312796208531,0.165799739921977,3,6,metanephric mesenchymal cell migration,0.00121095029184866
GO:0019375,0.000393804972958912,35.4312796208531,0.165799739921977,3,6,galactolipid biosynthetic process,0.00121095029184866
GO:0006682,0.000393804972958912,35.4312796208531,0.165799739921977,3,6,galactosylceramide biosynthetic process,0.00121095029184866
GO:0021631,0.000393804972958912,35.4312796208531,0.165799739921977,3,6,optic nerve morphogenesis,0.00121095029184866
GO:0046476,0.000393804972958912,35.4312796208531,0.165799739921977,3,6,glycosylceramide biosynthetic process,0.00121095029184866
GO:0045934,0.000400701704978978,1.76183897954968,29.8163198959688,49,1079,negative regulation of nucleobase-containing compound metabolic process,0.00122450458912831
GO:1902679,0.000408787647254594,1.82909110672295,25.1462938881665,43,910,negative regulation of RNA biosynthetic process,0.00124150322499543
GO:2000351,0.000414280222166608,7.12410501193317,0.99479843953186,6,36,regulation of endothelial cell apoptotic process,0.00125046545586485
GO:0002040,0.000425082757553253,3.68702875976342,3.26072821846554,11,118,sprouting angiogenesis,0.00127524827265976
GO:0051241,0.000447267534457767,1.91043542563835,20.6697009102731,37,748,negative regulation of multicellular organismal process,0.00133367046638316
GO:0022607,0.000464883447848614,1.50649636233526,70.492522756827,97,2551,cellular component assembly,0.00137784732735854
GO:0045597,0.000469037886200349,1.98308535236755,17.7405721716515,33,642,positive regulation of cell differentiation,0.00138183616772797
GO:0060541,0.000476242984442187,3.2005087112648,4.39369310793238,13,159,respiratory system development,0.00139471159729498
GO:0045445,0.000498341991819853,4.8436369548429,1.85143042912874,8,67,myoblast differentiation,0.00145079443772407
GO:2000027,0.000516129441057992,3.89287585123101,2.8185955786736,10,102,regulation of animal organ morphogenesis,0.00149373932353254
GO:0051093,0.000536958670691717,1.9662509140464,17.8787386215865,33,647,negative regulation of developmental process,0.00154493371918319
GO:0043010,0.000552053849860144,2.49816390506046,8.12418725617685,19,294,camera-type eye development,0.0015791307798325
GO:0010594,0.000565062096632173,3.55320537929234,3.37126137841352,11,122,regulation of endothelial cell migration,0.00160191090173932
GO:0022603,0.000566529465249273,1.86760478606934,21.6921326397919,38,785,regulation of anatomical structure morphogenesis,0.00160191090173932
GO:0051216,0.000572315760388367,2.98023294317511,5.05689206762029,14,183,cartilage development,0.00160774210253399
GO:0031324,0.00057512725619102,1.55777252502781,53.5256827048114,77,1937,negative regulation of cellular metabolic process,0.00160774210253399
GO:0045765,0.000617579913493301,2.72048715228122,6.30039011703511,16,228,regulation of angiogenesis,0.00171097215816988
GO:0048705,0.000619010252346013,2.82799131656238,5.6924577373212,15,206,skeletal system morphogenesis,0.00171097215816988
GO:0010464,0.000640636316786877,8.46598639455782,0.718465539661899,5,26,regulation of mesenchymal cell proliferation,0.00174711804833262
GO:0051240,0.000641812886237526,1.72050978965873,30.4518855656697,49,1102,positive regulation of multicellular organismal process,0.00174711804833262
GO:0065003,0.000642740582821554,1.6352915220923,39.4050715214564,60,1426,protein-containing complex assembly,0.00174711804833262
GO:0034446,0.000649665352060364,3.76918199112238,2.90149544863459,10,105,substrate adhesion-dependent cell spreading,0.00175623820447087
GO:1901342,0.000711255753334928,2.68198100869961,6.3832899869961,16,231,regulation of vasculature development,0.00190197811035282
GO:0008285,0.000711308886798616,1.97483190262312,16.6905071521456,31,604,negative regulation of cell population proliferation,0.00190197811035282
GO:0048699,0.000716860681514424,1.65380212274676,36.2825097529259,56,1313,generation of neurons,0.00190646192056809
GO:0001656,0.000738562197164179,4.534886376613,1.96196358907672,8,71,metanephros development,0.00194212933443232
GO:0048565,0.000753621575684145,3.69097006583033,2.95676202860858,10,107,digestive tract development,0.00194212933443232
GO:0007495,0.00076185154785658,Inf,0.0552665799739922,2,2,visceral mesoderm-endoderm interaction involved in midgut development,0.00194212933443232
GO:0061837,0.00076185154785658,Inf,0.0552665799739922,2,2,neuropeptide processing,0.00194212933443232
GO:0031443,0.00076185154785658,Inf,0.0552665799739922,2,2,fast-twitch skeletal muscle fiber contraction,0.00194212933443232
GO:0031446,0.00076185154785658,Inf,0.0552665799739922,2,2,regulation of fast-twitch skeletal muscle fiber contraction,0.00194212933443232
GO:0031448,0.00076185154785658,Inf,0.0552665799739922,2,2,positive regulation of fast-twitch skeletal muscle fiber contraction,0.00194212933443232
GO:0046449,0.00076185154785658,Inf,0.0552665799739922,2,2,creatinine metabolic process,0.00194212933443232
GO:0010646,0.000790284934023544,1.47313790719779,73.3663849154746,99,2655,regulation of cell communication,0.00198863062037457
GO:1904018,0.000792218702425643,3.39890471430951,3.5094278283485,11,127,positive regulation of vasculature development,0.00198863062037457
GO:0045766,0.000792218702425643,3.39890471430951,3.5094278283485,11,127,positive regulation of angiogenesis,0.00198863062037457
GO:0090092,0.000801330548158859,3.01284058878797,4.64239271781535,13,168,regulation of transmembrane receptor protein serine/threonine kinase signaling pathway,0.00200129253651857
GO:0008283,0.000835437502148685,1.47475175262161,71.7083875162549,97,2595,cell population proliferation,0.00207593561139976
GO:0001932,0.000841876152155933,1.83967463525857,21.388166449935,37,774,regulation of protein phosphorylation,0.00208142244653628
GO:0072577,0.00085130297232756,6.10433003750426,1.13296488946684,6,41,endothelial cell apoptotic process,0.00209239854175782
GO:0061448,0.000854821355474233,2.63228053722745,6.49382314694408,16,235,connective tissue development,0.00209239854175782
GO:0048732,0.000859541761364962,2.40028075372903,8.42815344603381,19,305,gland development,0.00209353735936417
GO:0045834,0.000870903283942963,3.61591821832786,3.01202860858257,10,109,positive regulation of lipid metabolic process,0.0021107606684726
GO:0051172,0.000893596750706397,1.57745463500113,44.9593628088427,66,1627,negative regulation of nitrogen compound metabolic process,0.0021469354359395
GO:0060173,0.000894556431641459,2.97405849978356,4.69765929778934,13,170,limb development,0.0021469354359395
GO:0006958,0.000914664604751026,7.7287784679089,0.773732119635891,5,28,complement activation, classical pathway,0.00217398543737925
GO:0003413,0.000914664604751026,7.7287784679089,0.773732119635891,5,28,chondrocyte differentiation involved in endochondral bone morphogenesis,0.00217398543737925
GO:0016043,0.000932005527909375,1.37715561936667,142.256176853056,173,5148,cellular component organization,0.00220455153717025
GO:0032835,0.00093985390544645,4.9921052631579,1.57509752925878,7,57,glomerulus development,0.00220890076019714
GO:0035051,0.000942823495206095,3.11969681019055,4.14499349804941,12,150,cardiocyte differentiation,0.00220890076019714
GO:0097435,0.000950351065277247,1.89532393145938,18.4866710013004,33,669,supramolecular fiber organization,0.00221598447448533
GO:0050878,0.000958217081892792,2.44224196855776,7.84785435630689,18,284,regulation of body fluid levels,0.00222378681269459
GO:0042325,0.001012314102442,1.79007438054044,23.1566970091027,39,838,regulation of phosphorylation,0.00233830299718998
GO:0006688,0.00102793700694255,10.9205189110177,0.469765929778934,4,17,glycosphingolipid biosynthetic process,0.00236026539529468
GO:0001708,0.00104390007274152,4.89389248522375,1.60273081924577,7,58,cell fate specification,0.00236026539529468
GO:0090269,0.00105794122967812,21.2559241706161,0.221066319895969,3,8,fibroblast growth factor production,0.00236026539529468
GO:2000020,0.00105794122967812,21.2559241706161,0.221066319895969,3,8,positive regulation of male gonad development,0.00236026539529468
GO:2000018,0.00105794122967812,21.2559241706161,0.221066319895969,3,8,regulation of male gonad development,0.00236026539529468
GO:0048541,0.00105794122967812,21.2559241706161,0.221066319895969,3,8,Peyer's patch development,0.00236026539529468
GO:0048537,0.00105794122967812,21.2559241706161,0.221066319895969,3,8,mucosa-associated lymphoid tissue development,0.00236026539529468
GO:0010632,0.00106698109941231,2.78039010095307,5.38849154746424,14,195,regulation of epithelial cell migration,0.00236026539529468
GO:0014033,0.00106865013068536,3.83009958791209,2.56989596879064,9,93,neural crest cell differentiation,0.00236026539529468
GO:0007399,0.0010699712254955,1.50811899619683,57.2838101430429,80,2073,nervous system development,0.00236026539529468
GO:0055123,0.00107459237509351,3.50885896527286,3.09492847854356,10,112,digestive system development,0.00236026539529468
GO:0060351,0.00110185209497938,5.77359220795975,1.18823146944083,6,43,cartilage development involved in endochondral bone morphogenesis,0.00240938324768825
GO:0010811,0.00115056455036829,3.4745584278863,3.12256176853056,10,113,positive regulation of cell-substrate adhesion,0.00250030758520534
GO:0006413,0.00115359719886507,3.7847850678733,2.59752925877763,9,94,translational initiation,0.00250030758520534
GO:1901566,0.00117301834024152,1.60179840570036,38.7142392717815,58,1401,organonitrogen compound biosynthetic process,0.00253125010262645
GO:0031589,0.00119299722516293,2.27300256231074,9.34005201560468,20,338,cell-substrate adhesion,0.00256312067589591
GO:0033002,0.00123314479378749,3.2039589961117,3.70286085825748,11,134,muscle cell proliferation,0.00263673952683651
GO:0009892,0.00123798136320983,1.4957938876312,58.4444083224967,81,2115,negative regulation of metabolic process,0.00263673952683651
GO:0070252,0.00124391948263911,3.74052437388193,2.62516254876463,9,95,actin-mediated cell contraction,0.00263796717870017
GO:0023051,0.00124959523929923,1.45037476998544,73.4769180754226,98,2659,regulation of signaling,0.00263863029070911
GO:0032373,0.00129302549821863,10.1398031896844,0.49739921976593,4,18,positive regulation of sterol transport,0.00270710019201518
GO:0032376,0.00129302549821863,10.1398031896844,0.49739921976593,4,18,positive regulation of cholesterol transport,0.00270710019201518
GO:0050731,0.00131005223455873,3.17790634252766,3.73049414824447,11,135,positive regulation of peptidyl-tyrosine phosphorylation,0.0027303693450368
GO:0008284,0.00131523889181651,1.73706035892995,25.0633940182055,41,907,positive regulation of cell population proliferation,0.0027303693450368
GO:0048568,0.00132800403631373,2.15788093364805,10.8046163849155,22,391,embryonic organ development,0.00274528565490064
GO:0007155,0.00138550254494432,1.58879148365425,38.9905721716515,58,1411,cell adhesion,0.00285216423478077
GO:0007423,0.0014241896228124,1.97759462635759,14.452210663199,27,523,sensory organ development,0.00290699377557511
GO:0051924,0.00143435626155912,2.81110363785238,4.9463589076723,13,179,regulation of calcium ion transport,0.00290699377557511
GO:0022612,0.00144167983991937,3.65502076048951,2.68042912873862,9,97,gland morphogenesis,0.00290699377557511
GO:0072009,0.00144167983991937,3.65502076048951,2.68042912873862,9,97,nephron epithelium development,0.00290699377557511
GO:0001936,0.00144167983991937,3.65502076048951,2.68042912873862,9,97,regulation of endothelial cell proliferation,0.00290699377557511
GO:0043552,0.00147736850852527,6.83562271062271,0.856631989596879,5,31,positive regulation of phosphatidylinositol 3-kinase activity,0.00296679716814055
GO:0010038,0.00150330294304698,2.4825900008431,6.85305591677503,16,248,response to metal ion,0.00300660588609396
GO:0007178,0.0015276977625918,2.40196078431373,7.51625487646294,17,272,transmembrane receptor protein serine/threonine kinase signaling pathway,0.00303492060837915
GO:0043933,0.00154034918644118,1.51733259556953,50.2096879063719,71,1817,protein-containing complex organization,0.00303492060837915
GO:0030174,0.00155447153112103,17.7120853080569,0.248699609882965,3,9,regulation of DNA-templated DNA replication initiation,0.00303492060837915
GO:0030949,0.00155447153112103,17.7120853080569,0.248699609882965,3,9,positive regulation of vascular endothelial growth factor receptor signaling pathway,0.00303492060837915
GO:1905941,0.00155447153112103,17.7120853080569,0.248699609882965,3,9,positive regulation of gonad development,0.00303492060837915
GO:1905939,0.00155447153112103,17.7120853080569,0.248699609882965,3,9,regulation of gonad development,0.00303492060837915
GO:0051049,0.00159573937868268,1.60973533885116,35.066644993498,53,1269,regulation of transport,0.00307963920775988
GO:0048025,0.00160241389672059,9.46318289786223,0.525032509752926,4,19,negative regulation of mRNA splicing, via spliceosome,0.00307963920775988
GO:2000352,0.00160241389672059,9.46318289786223,0.525032509752926,4,19,negative regulation of endothelial cell apoptotic process,0.00307963920775988
GO:1900273,0.00160241389672059,9.46318289786223,0.525032509752926,4,19,positive regulation of long-term synaptic potentiation,0.00307963920775988
GO:0071688,0.00171177212203198,6.58201058201058,0.884265279583875,5,32,striated muscle myosin thick filament assembly,0.00326430962806098
GO:0030241,0.00171177212203198,6.58201058201058,0.884265279583875,5,32,skeletal muscle myosin thick filament assembly,0.00326430962806098
GO:0071709,0.00176876443230288,5.20891786483497,1.29876462938882,6,47,membrane assembly,0.00335996950074524
GO:0006941,0.00185860699361227,3.03000743218135,3.89629388816645,11,141,striated muscle contraction,0.00350498058184232
GO:0030182,0.00185934945500172,1.60379997668726,34.4863459037711,52,1248,neuron differentiation,0.00350498058184232
GO:0006096,0.00187217149929728,4.37698312767565,1.76853055916775,7,64,glycolytic process,0.00351150394685606
GO:0001934,0.00187708442687631,1.99175824175824,13.2639791937581,25,480,positive regulation of protein phosphorylation,0.00351150394685606
GO:0002062,0.00191293349604567,3.49516617892977,2.79096228868661,9,101,chondrocyte differentiation,0.00355155954737535
GO:0003014,0.00191293349604567,3.49516617892977,2.79096228868661,9,101,renal system process,0.00355155954737535
GO:0032331,0.00195974329747073,8.87114014251781,0.552665799739922,4,20,negative regulation of chondrocyte differentiation,0.00361258666653325
GO:0090218,0.0019723311258987,6.34651360544218,0.911898569570871,5,33,positive regulation of lipid kinase activity,0.00361258666653325
GO:0031034,0.0019723311258987,6.34651360544218,0.911898569570871,5,33,myosin filament assembly,0.00361258666653325
GO:1904035,0.00197517441727123,5.08455506307535,1.32639791937581,6,48,regulation of epithelial cell apoptotic process,0.00361258666653325
GO:0043410,0.00200091243786423,2.33667302798982,7.70968790637191,17,279,positive regulation of MAPK cascade,0.00364610710899705
GO:0007530,0.00217534091675846,15.1807718348003,0.276332899869961,3,10,sex determination,0.00387749255655618
GO:0019374,0.00217534091675846,15.1807718348003,0.276332899869961,3,10,galactolipid metabolic process,0.00387749255655618
GO:0006681,0.00217534091675846,15.1807718348003,0.276332899869961,3,10,galactosylceramide metabolic process,0.00387749255655618
GO:0030048,0.00218000244407084,3.16494295767139,3.39889466840052,10,123,actin filament-based movement,0.00387749255655618
GO:0019220,0.00220425539505536,1.66319007223805,27.3845903771131,43,991,regulation of phosphate metabolic process,0.00387749255655618
GO:0001503,0.00221443225878829,2.19635752178856,9.14661898569571,19,331,ossification,0.00387749255655618
GO:0061333,0.00223909806108781,4.22804314329738,1.82379713914174,7,66,renal tubule morphogenesis,0.00387749255655618
GO:0046689,0.00224364240469039,70.7044917257683,0.0828998699609883,2,3,response to mercury ion,0.00387749255655618
GO:0097646,0.00224364240469039,70.7044917257683,0.0828998699609883,2,3,calcitonin family receptor signaling pathway,0.00387749255655618
GO:1990408,0.00224364240469039,70.7044917257683,0.0828998699609883,2,3,calcitonin gene-related peptide receptor signaling pathway,0.00387749255655618
GO:2000532,0.00224364240469039,70.7044917257683,0.0828998699609883,2,3,regulation of renal albumin absorption,0.00387749255655618
GO:0010512,0.00224364240469039,70.7044917257683,0.0828998699609883,2,3,negative regulation of phosphatidylinositol biosynthetic process,0.00387749255655618
GO:0097017,0.00224364240469039,70.7044917257683,0.0828998699609883,2,3,renal protein absorption,0.00387749255655618
GO:0097018,0.00224364240469039,70.7044917257683,0.0828998699609883,2,3,renal albumin absorption,0.00387749255655618
GO:0051174,0.00224610849312706,1.66131888623461,27.4122236671001,43,992,regulation of phosphorus metabolic process,0.00387749255655618
GO:0070296,0.00226071506316985,6.12725779967159,0.939531859557867,5,34,sarcoplasmic reticulum calcium ion transport,0.00388906227650198
GO:0042327,0.00229682535289239,1.93178643329636,14.203511053316,26,514,positive regulation of phosphorylation,0.0039340175224789
GO:0044085,0.00232275379343234,1.41186616074508,76.7100130039012,100,2776,cellular component biogenesis,0.0039340175224789
GO:0050817,0.00232682743707594,2.64958903353928,5.22269180754226,13,189,coagulation,0.0039340175224789
GO:0007596,0.00232682743707594,2.64958903353928,5.22269180754226,13,189,blood coagulation,0.0039340175224789
GO:2000146,0.00232682743707594,2.64958903353928,5.22269180754226,13,189,negative regulation of cell motility,0.0039340175224789
GO:0003015,0.00234517157080752,2.53874511538745,5.85825747724317,14,212,heart process,0.0039514534686209
GO:0060429,0.00239611025168057,1.68615716081154,25.0910273081925,40,908,epithelium development,0.00402350253865816
GO:0007599,0.00243683076751222,2.63444133618562,5.25032509752926,13,190,hemostasis,0.00405930960956482
GO:0007422,0.00244204955064828,4.85278802343241,1.3816644993498,6,50,peripheral nervous system development,0.00405930960956482
GO:0060350,0.00244218626916908,4.1572966507177,1.85143042912874,7,67,endochondral bone morphogenesis,0.00405930960956482
GO:0043534,0.00257413026809298,3.65910348644162,2.37646293888166,8,86,blood vessel endothelial cell migration,0.00424305595104357
GO:0051155,0.00257860514097973,5.92261904761905,0.967165149544863,5,35,positive regulation of striated muscle cell differentiation,0.00424305595104357
GO:0031033,0.00257860514097973,5.92261904761905,0.967165149544863,5,35,myosin filament organization,0.00424305595104357
GO:1902074,0.00259147478298009,2.27478314745973,7.90312093628088,17,286,response to salt,0.00425001864408734
GO:0045664,0.00260329051253959,2.73863759041347,4.67002600780234,12,169,regulation of neuron differentiation,0.00425521239923414
GO:0001570,0.00265916137076798,4.08886971527179,1.87906371911573,7,68,vasculogenesis,0.00431836884645574
GO:0065009,0.00265948325300018,1.47979869914067,51.2873862158648,71,1856,regulation of molecular function,0.00431836884645574
GO:0055003,0.00270441135686226,4.74463007159905,1.4092977893368,6,51,cardiac myofibril assembly,0.00436252586090567
GO:0044091,0.00270441135686226,4.74463007159905,1.4092977893368,6,51,membrane biogenesis,0.00436252586090567
GO:0043408,0.00272905702041606,1.96060638471541,12.9047464239272,24,467,regulation of MAPK cascade,0.00438789560145327
GO:0009611,0.00278380788046292,2.02276817002254,11.4678153446034,22,415,response to wounding,0.00445243140485762
GO:0007154,0.00282353601094038,1.33713579472913,131.147594278283,158,4746,cell communication,0.00445243140485762
GO:0003401,0.00283254274333422,7.88440221694378,0.607932379713914,4,22,axis elongation,0.00445243140485762
GO:0033119,0.00283254274333422,7.88440221694378,0.607932379713914,4,22,negative regulation of RNA splicing,0.00445243140485762
GO:1904036,0.00283254274333422,7.88440221694378,0.607932379713914,4,22,negative regulation of epithelial cell apoptotic process,0.00445243140485762
GO:0002053,0.00283254274333422,7.88440221694378,0.607932379713914,4,22,positive regulation of mesenchymal cell proliferation,0.00445243140485762
GO:0003422,0.00283254274333422,7.88440221694378,0.607932379713914,4,22,growth plate cartilage morphogenesis,0.00445243140485762
GO:0030240,0.00292768980530442,5.73118279569892,0.99479843953186,5,36,skeletal muscle thin filament assembly,0.00454769311878331
GO:0003417,0.00292768980530442,5.73118279569892,0.99479843953186,5,36,growth plate cartilage development,0.00454769311878331
GO:0007494,0.00293011934685835,13.2822867298578,0.303966189856957,3,11,midgut development,0.00454769311878331
GO:0071679,0.00293011934685835,13.2822867298578,0.303966189856957,3,11,commissural neuron axon guidance,0.00454769311878331
GO:0048660,0.00297325370119182,3.56714628297362,2.43172951885566,8,88,regulation of smooth muscle cell proliferation,0.00456450694035856
GO:0046580,0.00298733990812085,4.6411746394106,1.4369310793238,6,52,negative regulation of Ras protein signal transduction,0.00456450694035856
GO:0060675,0.00298733990812085,4.6411746394106,1.4369310793238,6,52,ureteric bud morphogenesis,0.00456450694035856
GO:0061005,0.00298733990812085,4.6411746394106,1.4369310793238,6,52,cell differentiation involved in kidney development,0.00456450694035856
GO:0072171,0.00298733990812085,4.6411746394106,1.4369310793238,6,52,mesonephric tubule morphogenesis,0.00456450694035856
GO:0000165,0.00300911800896068,1.84373728553992,15.9996749024707,28,579,MAPK cascade,0.0045835481746398
GO:0051098,0.00304597552474181,2.30102689486553,7.35045513654096,16,266,regulation of binding,0.00462140486611437
GO:0010810,0.00305275727944547,2.56119972260749,5.38849154746424,13,195,regulation of cell-substrate adhesion,0.00462140486611437
GO:0051897,0.00319007766880549,3.52287059241496,2.45936280884265,8,89,positive regulation of phosphatidylinositol 3-kinase/protein kinase B signal transduction,0.00481447304617271
GO:0051592,0.00326670276385138,2.9789156626506,3.59232769830949,10,130,response to calcium ion,0.00490005414577707
GO:0006937,0.00326670276385138,2.9789156626506,3.59232769830949,10,130,regulation of muscle contraction,0.00490005414577707
GO:0072132,0.00330966041086227,5.55171130952381,1.02243172951886,5,37,mesenchyme morphogenesis,0.00493440279437648
GO:0048546,0.00330966041086227,5.55171130952381,1.02243172951886,5,37,digestive tract morphogenesis,0.00493440279437648
GO:0003433,0.0033550041782375,7.46893361670209,0.63556566970091,4,23,chondrocyte development involved in endochondral bone morphogenesis,0.00494210196315224
GO:0055023,0.0033550041782375,7.46893361670209,0.63556566970091,4,23,positive regulation of cardiac muscle tissue growth,0.00494210196315224
GO:0021602,0.0033550041782375,7.46893361670209,0.63556566970091,4,23,cranial nerve morphogenesis,0.00494210196315224
GO:0003418,0.0033550041782375,7.46893361670209,0.63556566970091,4,23,growth plate cartilage chondrocyte differentiation,0.00494210196315224
GO:0048659,0.0034189932374976,3.47967479674797,2.48699609882965,8,90,smooth muscle cell proliferation,0.00501535291514919
GO:0001935,0.00342511906400433,3.18178789032749,3.03966189856957,9,110,endothelial cell proliferation,0.00501535291514919
GO:0014074,0.0034520187134219,2.95409738126058,3.61996098829649,10,131,response to purine-containing compound,0.00503974245401654
GO:0071840,0.00347094362344001,1.31982361814876,147.119635890767,174,5324,cellular component organization or biogenesis,0.0050523794755399
GO:0048708,0.00361880622956957,4.44719570405728,1.49219765929779,6,54,astrocyte differentiation,0.00525207275795938
GO:0001837,0.00363885548304803,3.15038178733032,3.06729518855657,9,111,epithelial to mesenchymal transition,0.00526563793429302
GO:0007189,0.00366044525573474,3.43751986362717,2.51462938881664,8,91,adenylate cyclase-activating G protein-coupled receptor signaling pathway,0.00528134623408063
GO:0071277,0.00367834116285353,3.83621641516378,1.98959687906372,7,72,cellular response to calcium ion,0.00529164869042086
GO:0010739,0.00382729624076263,11.8056872037915,0.331599479843953,3,12,positive regulation of protein kinase A signaling,0.00545805724769628
GO:0070885,0.00382729624076263,11.8056872037915,0.331599479843953,3,12,negative regulation of calcineurin-NFAT signaling cascade,0.00545805724769628
GO:0106057,0.00382729624076263,11.8056872037915,0.331599479843953,3,12,negative regulation of calcineurin-mediated signaling,0.00545805724769628
GO:1902075,0.00384767139705664,2.90567146635322,3.67522756827048,10,133,cellular response to salt,0.00547125528136377
GO:0050686,0.00393936353165762,7.09501187648456,0.663198959687906,4,24,negative regulation of mRNA processing,0.00556944499303318
GO:0061037,0.00393936353165762,7.09501187648456,0.663198959687906,4,24,negative regulation of cartilage development,0.00556944499303318
GO:0045165,0.00397193872486773,2.58858193062808,4.91872561768531,12,178,cell fate commitment,0.005586486228197
GO:0051781,0.00397412638184746,3.77783819051762,2.01723016905072,7,73,positive regulation of cell division,0.005586486228197
GO:0031399,0.0040887203152867,1.59280980085204,29.1531209362809,44,1055,regulation of protein modification process,0.00573119770689759
GO:0051050,0.0041600982886079,1.74277867705992,18.7077373211964,31,677,positive regulation of transport,0.00581468283521331
GO:0014866,0.00417901419277003,5.22443977591036,1.07769830949285,5,39,skeletal myofibril assembly,0.00582457502221772
GO:0009966,0.00427460905523336,1.40724734042553,64.6895318595579,85,2341,regulation of signal transduction,0.00592172499193302
GO:0030198,0.00435465574120803,2.15243544600939,8.31762028608583,17,301,extracellular matrix organization,0.00592172499193302
GO:0071493,0.00440518566473066,35.3498817966903,0.110533159947984,2,4,cellular response to UV-B,0.00592172499193302
GO:0090272,0.00440518566473066,35.3498817966903,0.110533159947984,2,4,negative regulation of fibroblast growth factor production,0.00592172499193302
GO:0030043,0.00440518566473066,35.3498817966903,0.110533159947984,2,4,actin filament fragmentation,0.00592172499193302
GO:1900238,0.00440518566473066,35.3498817966903,0.110533159947984,2,4,regulation of metanephric mesenchymal cell migration by platelet-derived growth factor receptor-beta signaling pathway,0.00592172499193302
GO:2000591,0.00440518566473066,35.3498817966903,0.110533159947984,2,4,positive regulation of metanephric mesenchymal cell migration,0.00592172499193302
GO:0014721,0.00440518566473066,35.3498817966903,0.110533159947984,2,4,twitch skeletal muscle contraction,0.00592172499193302
GO:0014724,0.00440518566473066,35.3498817966903,0.110533159947984,2,4,regulation of twitch skeletal muscle contraction,0.00592172499193302
GO:0035793,0.00440518566473066,35.3498817966903,0.110533159947984,2,4,positive regulation of metanephric mesenchymal cell migration by platelet-derived growth factor receptor-beta signaling pathway,0.00592172499193302
GO:0003010,0.00440518566473066,35.3498817966903,0.110533159947984,2,4,voluntary skeletal muscle contraction,0.00592172499193302
GO:0060484,0.00440518566473066,35.3498817966903,0.110533159947984,2,4,lung-associated mesenchyme development,0.00592172499193302
GO:0003415,0.00440518566473066,35.3498817966903,0.110533159947984,2,4,chondrocyte hypertrophy,0.00592172499193302
GO:0055006,0.0044645478697764,3.31693714795605,2.59752925877763,8,94,cardiac cell development,0.0059527304930352
GO:0150115,0.0044645478697764,3.31693714795605,2.59752925877763,8,94,cell-substrate junction organization,0.0059527304930352
GO:0007044,0.0044645478697764,3.31693714795605,2.59752925877763,8,94,cell-substrate junction assembly,0.0059527304930352
GO:0043062,0.00450070277046174,2.14473684210526,8.34525357607282,17,302,extracellular structure organization,0.00598471827855993
GO:0030336,0.00453911586634996,2.54211499061564,5.00162548764629,12,181,negative regulation of cell migration,0.00601952831871747
GO:0048566,0.00458889331570328,6.75670173057346,0.690832249674902,4,25,embryonic digestive tract development,0.00606812845311683
GO:0050806,0.00460043071750524,3.0306830551524,3.17782834850455,9,115,positive regulation of synaptic transmission,0.00606812845311683
GO:0050805,0.00466975722412542,5.07482993197279,1.10533159947984,5,40,negative regulation of synaptic transmission,0.00612672147805255
GO:0055021,0.00466975722412542,5.07482993197279,1.10533159947984,5,40,regulation of cardiac muscle tissue growth,0.00612672147805255
GO:0001649,0.00470430752392543,2.65826152239196,4.39369310793238,11,159,osteoblast differentiation,0.0061393084927621
GO:0035265,0.00470430752392543,2.65826152239196,4.39369310793238,11,159,organ growth,0.0061393084927621
GO:0050730,0.00474195586414194,2.52699045719983,5.02925877763329,12,182,regulation of peptidyl-tyrosine phosphorylation,0.00614767249976413
GO:0048008,0.00474486445786257,4.18475361504984,1.57509752925878,6,57,platelet-derived growth factor receptor signaling pathway,0.00614767249976413
GO:0001704,0.00476069760652466,3.27859092036715,2.62516254876463,8,95,formation of primary germ layer,0.00614767249976413
GO:0014902,0.00476069760652466,3.27859092036715,2.62516254876463,8,95,myotube differentiation,0.00614767249976413
GO:0060047,0.00485883773562726,2.41342622868354,5.6924577373212,13,206,heart contraction,0.00618483332225208
GO:0071313,0.00487434511033265,10.6244075829384,0.359232769830949,3,13,cellular response to caffeine,0.00618483332225208
GO:0010875,0.00487434511033265,10.6244075829384,0.359232769830949,3,13,positive regulation of cholesterol efflux,0.00618483332225208
GO:0006268,0.00487434511033265,10.6244075829384,0.359232769830949,3,13,DNA unwinding involved in DNA replication,0.00618483332225208
GO:0031581,0.00487434511033265,10.6244075829384,0.359232769830949,3,13,hemidesmosome assembly,0.00618483332225208
GO:0046716,0.00487434511033265,10.6244075829384,0.359232769830949,3,13,muscle cell cellular homeostasis,0.00618483332225208
GO:0042060,0.00487747018096302,2.07564732564733,9.11898569570871,18,330,wound healing,0.00618483332225208
GO:0043269,0.00495462773918503,1.9515349086455,11.3020156046814,21,409,regulation of monoatomic ion transport,0.00626652145932914
GO:0035107,0.00499485541613399,2.79122740963855,3.81339401820546,10,138,appendage morphogenesis,0.00630120221727673
GO:0035113,0.00514998715678351,2.97415865384615,3.23309492847854,9,117,embryonic appendage morphogenesis,0.00648029074459715
GO:0072078,0.00517189880999192,4.10400220304755,1.60273081924577,6,58,nephron tubule morphogenesis,0.00649126075131639
GO:0045785,0.00519673770587705,2.01769911504425,9.8927178153446,19,358,positive regulation of cell adhesion,0.00649352350628399
GO:0048741,0.00520009809243067,4.93353174603175,1.13296488946684,5,41,skeletal muscle fiber development,0.00649352350628399
GO:0006270,0.00530675822459716,6.44914705247247,0.718465539661899,4,26,DNA replication initiation,0.00660993682658684
GO:0055008,0.00534072085432028,3.561004784689,2.1277633289987,7,77,cardiac muscle tissue morphogenesis,0.00663544106142823
GO:0060349,0.00539797495225444,3.20448360412793,2.68042912873862,8,97,bone morphogenesis,0.00668968180480903
GO:0046683,0.00544317983783118,2.94667431192661,3.26072821846554,9,118,response to organophosphorus,0.0067287549754094
GO:0032879,0.00555677353165147,1.47322404371585,42.389466840052,59,1534,regulation of localization,0.00685196134729955
GO:0051058,0.00562643993237294,4.02629801413969,1.63036410923277,6,59,negative regulation of small GTPase mediated signal transduction,0.00692052111681871
GO:0003007,0.00572706235321339,2.20576769292283,7.15702210663199,15,259,heart morphogenesis,0.00701472155963588
GO:0006090,0.00573154078653176,3.51061392277108,2.1553966189857,7,78,pyruvate metabolic process,0.00701472155963588
GO:0055007,0.00606817491906497,2.89319126819127,3.31599479843953,9,120,cardiac muscle cell differentiation,0.00735724106839207
GO:0030325,0.00607778512420188,9.65790607496769,0.386866059817945,3,14,adrenal gland development,0.00735724106839207
GO:0051281,0.0060960067246264,6.16833625942373,0.746098829648895,4,27,positive regulation of release of sequestered calcium ion into cytosol,0.00735724106839207
GO:0001937,0.0060960067246264,6.16833625942373,0.746098829648895,4,27,negative regulation of endothelial cell proliferation,0.00735724106839207
GO:0060043,0.0060960067246264,6.16833625942373,0.746098829648895,4,27,regulation of cardiac muscle cell proliferation,0.00735724106839207
GO:0072088,0.00610948636408925,3.95147175815434,1.65799739921977,6,60,nephron epithelium morphogenesis,0.00735724106839207
GO:0090257,0.00611608048165113,2.439852520361,5.19505851755527,12,188,regulation of muscle system process,0.00735724106839207
GO:0003416,0.00638613315640836,4.67324561403509,1.18823146944083,5,43,endochondral bone growth,0.00765497690372241
GO:0050679,0.00639470631591445,2.68538816921823,3.95156046814044,10,143,positive regulation of epithelial cell proliferation,0.00765497690372241
GO:0016064,0.00657685955853453,3.41397391361342,2.21066319895969,7,80,immunoglobulin mediated immune response,0.00783490291234622
GO:0060415,0.00657685955853453,3.41397391361342,2.21066319895969,7,80,muscle tissue morphogenesis,0.00783490291234622
GO:0014909,0.00662203382758354,3.87936645693209,1.68563068920676,6,61,smooth muscle cell migration,0.00786966338930217
GO:0051017,0.00670804583487536,2.66516813522748,3.97919375812744,10,144,actin filament bundle assembly,0.00795267120664742
GO:0044093,0.0067720823376752,1.53516143299425,30.8387516254876,45,1116,positive regulation of molecular function,0.0080092896878274
GO:0030168,0.00686576922502148,3.06583120600294,2.79096228868661,8,101,platelet activation,0.00802333649331931
GO:0060536,0.00695956374460563,5.91092636579572,0.773732119635891,4,28,cartilage morphogenesis,0.00802333649331931
GO:0061098,0.00695956374460563,5.91092636579572,0.773732119635891,4,28,positive regulation of protein tyrosine kinase activity,0.00802333649331931
GO:0071312,0.00695956374460563,5.91092636579572,0.773732119635891,4,28,cellular response to alkaloid,0.00802333649331931
GO:0098801,0.00695956374460563,5.91092636579572,0.773732119635891,4,28,regulation of renal system process,0.00802333649331931
GO:0072210,0.00695956374460563,5.91092636579572,0.773732119635891,4,28,metanephric nephron development,0.00802333649331931
GO:0060421,0.00695956374460563,5.91092636579572,0.773732119635891,4,28,positive regulation of heart growth,0.00802333649331931
GO:0010595,0.00703270047964715,3.36761282813914,2.23829648894668,7,81,positive regulation of endothelial cell migration,0.00802333649331931
GO:0019724,0.00703270047964715,3.36761282813914,2.23829648894668,7,81,B cell mediated immunity,0.00802333649331931
GO:0098868,0.00704505268395727,4.55311355311355,1.21586475942783,5,44,bone growth,0.00802333649331931
GO:0014904,0.00704505268395727,4.55311355311355,1.21586475942783,5,44,myotube cell development,0.00802333649331931
GO:1903169,0.00710761122999638,2.81648532388664,3.39889466840052,9,123,regulation of calcium ion transmembrane transport,0.00802333649331931
GO:0010634,0.00710761122999638,2.81648532388664,3.39889466840052,9,123,positive regulation of epithelial cell migration,0.00802333649331931
GO:0003104,0.00720795676838848,23.565011820331,0.13816644993498,2,5,positive regulation of glomerular filtration,0.00802333649331931
GO:0071072,0.00720795676838848,23.565011820331,0.13816644993498,2,5,negative regulation of phospholipid biosynthetic process,0.00802333649331931
GO:0000395,0.00720795676838848,23.565011820331,0.13816644993498,2,5,mRNA 5'-splice site recognition,0.00802333649331931
GO:0061146,0.00720795676838848,23.565011820331,0.13816644993498,2,5,Peyer's patch morphogenesis,0.00802333649331931
GO:1903726,0.00720795676838848,23.565011820331,0.13816644993498,2,5,negative regulation of phospholipid metabolic process,0.00802333649331931
GO:1900020,0.00720795676838848,23.565011820331,0.13816644993498,2,5,positive regulation of protein kinase C activity,0.00802333649331931
GO:1900019,0.00720795676838848,23.565011820331,0.13816644993498,2,5,regulation of protein kinase C activity,0.00802333649331931
GO:0048865,0.00720795676838848,23.565011820331,0.13816644993498,2,5,stem cell fate commitment,0.00802333649331931
GO:0014034,0.00720795676838848,23.565011820331,0.13816644993498,2,5,neural crest cell fate commitment,0.00802333649331931
GO:2000561,0.00720795676838848,23.565011820331,0.13816644993498,2,5,regulation of CD4-positive, alpha-beta T cell proliferation,0.00802333649331931
GO:0009629,0.00720795676838848,23.565011820331,0.13816644993498,2,5,response to gravity,0.00802333649331931
GO:0002074,0.00720795676838848,23.565011820331,0.13816644993498,2,5,extraocular skeletal muscle development,0.00802333649331931
GO:0035739,0.00720795676838848,23.565011820331,0.13816644993498,2,5,CD4-positive, alpha-beta T cell proliferation,0.00802333649331931
GO:0043491,0.00737036911402577,2.6256201275691,4.03446033810143,10,146,phosphatidylinositol 3-kinase/protein kinase B signal transduction,0.00816716577500153
GO:0071241,0.00737036911402577,2.6256201275691,4.03446033810143,10,146,cellular response to inorganic substance,0.00816716577500153
GO:0010692,0.00744323973146067,8.85248815165877,0.414499349804941,3,15,regulation of alkaline phosphatase activity,0.00821092813425706
GO:0021554,0.00744323973146067,8.85248815165877,0.414499349804941,3,15,optic nerve development,0.00821092813425706
GO:0048589,0.00746511970507303,1.73098203784882,16.3312743823147,27,591,developmental growth,0.0082166418230334
GO:0072073,0.0074827352802127,2.79180602006689,3.42652795838752,9,124,kidney epithelium development,0.00821764678094787
GO:0090101,0.00770399261710631,3.00088350372334,2.8462288686606,8,103,negative regulation of transmembrane receptor protein serine/threonine kinase signaling pathway,0.00838023501015766
GO:0090497,0.00773959173480229,3.7427458861952,1.74089726918075,6,63,mesenchymal cell migration,0.00838023501015766
GO:0072028,0.00773959173480229,3.7427458861952,1.74089726918075,6,63,nephron morphogenesis,0.00838023501015766
GO:0001755,0.00773959173480229,3.7427458861952,1.74089726918075,6,63,neural crest cell migration,0.00838023501015766
GO:0048645,0.00775001408459702,4.4389880952381,1.24349804941482,5,45,animal organ formation,0.00838023501015766
GO:0010463,0.00775001408459702,4.4389880952381,1.24349804941482,5,45,mesenchymal cell proliferation,0.00838023501015766
GO:0001658,0.00775001408459702,4.4389880952381,1.24349804941482,5,45,branching involved in ureteric bud morphogenesis,0.00838023501015766
GO:0071248,0.00787279564778207,2.76755222148541,3.45416124837451,9,125,cellular response to metal ion,0.00839505486080927
GO:0007413,0.00790022439137132,5.67410926365796,0.801365409622887,4,29,axonal fasciculation,0.00839505486080927
GO:0032878,0.00790022439137132,5.67410926365796,0.801365409622887,4,29,regulation of establishment or maintenance of cell polarity,0.00839505486080927
GO:0051926,0.00790022439137132,5.67410926365796,0.801365409622887,4,29,negative regulation of calcium ion transport,0.00839505486080927
GO:0003009,0.00790022439137132,5.67410926365796,0.801365409622887,4,29,skeletal muscle contraction,0.00839505486080927
GO:0032371,0.00790022439137132,5.67410926365796,0.801365409622887,4,29,regulation of sterol transport,0.00839505486080927
GO:0032374,0.00790022439137132,5.67410926365796,0.801365409622887,4,29,regulation of cholesterol transport,0.00839505486080927
GO:0106030,0.00790022439137132,5.67410926365796,0.801365409622887,4,29,neuron projection fasciculation,0.00839505486080927
GO:0040013,0.00800700418351517,2.25913139786973,6.05169050715215,13,219,negative regulation of locomotion,0.00844312295256079
GO:0014032,0.00801410247732905,3.27855074288592,2.29356306892068,7,83,neural crest cell development,0.00844312295256079
GO:0048644,0.00801410247732905,3.27855074288592,2.29356306892068,7,83,muscle organ morphogenesis,0.00844312295256079
GO:0001823,0.00801410247732905,3.27855074288592,2.29356306892068,7,83,mesonephros development,0.00844312295256079
GO:0061572,0.00808214347565014,2.58721843897328,4.08972691807542,10,148,actin filament bundle organization,0.00849661237183732
GO:0030155,0.00820987818507671,1.69920375974169,17.2431729518856,28,624,regulation of cell adhesion,0.00861249481248985
GO:1901137,0.00840463372238915,1.75242718446602,14.9219765929779,25,540,carbohydrate derivative biosynthetic process,0.0087980421093946
GO:0031099,0.00845730230783357,2.56843200138684,4.11736020806242,10,149,regeneration,0.00882544287049728
GO:0003151,0.00850256081425957,4.33042973286876,1.27113133940182,5,46,outflow tract morphogenesis,0.00882544287049728
GO:0048146,0.00850256081425957,4.33042973286876,1.27113133940182,5,46,positive regulation of fibroblast proliferation,0.00882544287049728
GO:1905330,0.00850256081425957,4.33042973286876,1.27113133940182,5,46,regulation of morphogenesis of an epithelium,0.00882544287049728
GO:0061326,0.0085410040757113,3.23575467594606,2.32119635890767,7,84,renal tubule development,0.00882809664968478
GO:0051101,0.0085410040757113,3.23575467594606,2.32119635890767,7,84,regulation of DNA binding,0.00882809664968478
GO:0051896,0.00869920770255382,2.72027786831812,3.5094278283485,9,127,regulation of phosphatidylinositol 3-kinase/protein kinase B signal transduction,0.00897276769320016
GO:0002183,0.00892064861888381,5.45550886168463,0.828998699609883,4,30,cytoplasmic translational initiation,0.00917341865201773
GO:0019216,0.00893685383862681,2.15227175422658,6.82542262678804,14,247,regulation of lipid metabolic process,0.00917341865201773
GO:0010874,0.0089754924684204,8.17098067808968,0.442132639791938,3,16,regulation of cholesterol efflux,0.00917341865201773
GO:0010804,0.0089754924684204,8.17098067808968,0.442132639791938,3,16,negative regulation of tumor necrosis factor-mediated signaling pathway,0.00917341865201773
GO:0048010,0.00898696705339948,3.6153877270337,1.79616384915475,6,65,vascular endothelial growth factor receptor signaling pathway,0.00917341865201773
GO:0060993,0.00909293010831028,3.19405594405594,2.34882964889467,7,85,kidney morphogenesis,0.00926236358858935
GO:0010959,0.00911550706814094,2.08408961996597,7.54388816644993,15,273,regulation of metal ion transport,0.00926617660645731
GO:0043550,0.00930420324068301,4.22704081632653,1.29876462938882,5,47,regulation of lipid kinase activity,0.00938046720167221
GO:0044786,0.00930420324068301,4.22704081632653,1.29876462938882,5,47,cell cycle DNA replication,0.00938046720167221
GO:0035272,0.00930420324068301,4.22704081632653,1.29876462938882,5,47,exocrine system development,0.00938046720167221
GO:0060420,0.00930420324068301,4.22704081632653,1.29876462938882,5,47,regulation of heart growth,0.00938046720167221
GO:0045596,0.00935311326966843,1.80509504456892,12.7389466840052,22,461,negative regulation of cell differentiation,0.00941049433267253
GO:0070373,0.00966175395263067,3.55489260143198,1.82379713914174,6,66,negative regulation of ERK1 and ERK2 cascade,0.00969024089560216
GO:0048864,0.00967054528402574,3.15341287626431,2.37646293888166,7,86,stem cell development,0.00969024089560216
GO:0032970,0.0099510104188997,1.96195069667738,9.06371911573472,17,328,regulation of actin filament-based process,0.0099510104188997
